maxVmag_counts,maxVmag_g,xValue_counts,yValue_counts,zValue_counts,xValue_g,yValue_g,zValue_g,maxVmagTime,meanVmag_counts,meanVmag_g,sta,staIndex,startTimeFile
241.2728764,0.058904511,-58.66634894,1,-234.0296144,-0.014322839,0.000244141,-0.057136136,2019-04-27T16:14:36.653600Z,120.0616671,0.02931193,FL,0,2019-04-27T16:14:16Z
313.5027911,0.076538767,-78,-290,-90,-0.019042969,-0.070800781,-0.021972656,2019-04-27T16:14:34.800100Z,73.86697108,0.018033928,NL,1,2019-04-27T16:14:16Z
3674.176098,0.897015649,-171,-2315,2848,-0.041748047,-0.565185547,0.6953125,2019-04-27T16:14:34.965300Z,129.1329692,0.031526604,NR,2,2019-04-27T16:14:16Z
1121.100045,0.273706066,393.1309893,-68,-1047.706703,0.095979245,-0.016601563,-0.255787769,2019-04-27T16:14:35.235700Z,108.7911728,0.026560345,FR,3,2019-04-27T16:14:16Z
406.5801969,0.099262743,-44.36017151,-92,-393.5424141,-0.01083012,-0.022460938,-0.096079691,2019-04-27T16:17:23.118600Z,120.8579788,0.029506342,FL,0,2019-04-27T16:17:02Z
701.8361632,0.17134672,133,687,54,0.032470703,0.167724609,0.013183594,2019-04-27T16:17:21.555100Z,77.79371885,0.018992607,NL,1,2019-04-27T16:17:02Z
4096,1,0,0,-4096,0,0,-1,2019-04-27T16:16:52.000300Z,4096,1,NR,2,2019-04-27T16:17:02Z
1682.599755,0.410790956,760.1222351,-192,-1488.78881,0.185576718,-0.046875,-0.363473831,2019-04-27T16:17:21.860700Z,110.4366033,0.026962061,FR,3,2019-04-27T16:17:02Z
321.6006604,0.078515786,-36.13098151,-108,-300.7615948,-0.00882104,-0.026367188,-0.073428124,2019-04-27T16:20:02.888600Z,120.2030255,0.029346442,FL,0,2019-04-27T16:19:42Z
806.9609656,0.197011954,-239,-752,-169,-0.058349609,-0.18359375,-0.041259766,2019-04-27T16:20:01.475100Z,74.92386432,0.018291959,NL,1,2019-04-27T16:19:42Z
4096,1,0,0,-4096,0,0,-1,2019-04-27T16:19:32.000300Z,4096,1,NR,2,2019-04-27T16:19:42Z
673.3882312,0.164401424,-653.0643078,152,-62.08639038,-0.159439528,0.037109375,-0.01515781,2019-04-27T16:20:01.600700Z,110.2321411,0.026912144,FR,3,2019-04-27T16:19:42Z
258.1220766,0.063018085,-8.693355512,15,-257.5391854,-0.002122401,0.003662109,-0.062875778,2019-04-27T16:23:08.133600Z,120.2619495,0.029360828,FL,0,2019-04-27T16:22:48Z
508.7799131,0.124213846,-38,-498,-97,-0.009277344,-0.121582031,-0.023681641,2019-04-27T16:23:07.440100Z,78.45078687,0.019153024,NL,1,2019-04-27T16:22:48Z
4096,1,0,0,-4096,0,0,-1,2019-04-27T16:22:38.000300Z,4096,1,NR,2,2019-04-27T16:22:48Z
813.6864619,0.198653921,142.7030415,-381,-704.6704905,0.03483961,-0.093017578,-0.172038694,2019-04-27T16:23:07.645700Z,110.5023388,0.02697811,FR,3,2019-04-27T16:22:48Z
271.8254213,0.066363628,159.3803011,120,-184.6265942,0.038911206,0.029296875,-0.045074852,2019-04-27T16:25:59.073600Z,120.4568793,0.029408418,FL,0,2019-04-27T16:25:39Z
513.74118,0.125425093,260,441,-43,0.063476563,0.107666016,-0.010498047,2019-04-27T16:25:58.865100Z,76.20993904,0.018605942,NL,1,2019-04-27T16:25:39Z
4096,1,0,0,-4096,0,0,-1,2019-04-27T16:25:29.000300Z,4096,1,NR,2,2019-04-27T16:25:39Z
722.2576543,0.176332435,258.4579695,-86,-668.9242089,0.06310009,-0.020996094,-0.163311574,2019-04-27T16:25:58.900700Z,109.6036915,0.026758714,FR,3,2019-04-27T16:25:39Z
256.817616,0.062699613,99.32634119,175,-159.576207,0.024249595,0.042724609,-0.038959035,2019-04-27T19:18:03.803900Z,116.414873,0.0284216,FL,0,2019-04-27T19:17:46Z
541.8689879,0.132292233,-122,-517,107,-0.029785156,-0.126220703,0.026123047,2019-04-27T19:18:03.332300Z,72.98118866,0.017817673,NL,1,2019-04-27T19:17:46Z
1392.282299,0.339912671,-115,392,-1331,-0.028076172,0.095703125,-0.324951172,2019-04-27T19:18:02.544800Z,111.3033324,0.027173665,NR,2,2019-04-27T19:17:46Z
386.9788733,0.094477264,122.354659,-38,-365.1547422,0.029871743,-0.009277344,-0.089149107,2019-04-27T19:18:03.142100Z,109.562341,0.026748618,FR,3,2019-04-27T19:17:46Z
281.2389513,0.068661853,16.94089977,136,-245.5857358,0.004135962,0.033203125,-0.059957455,2019-04-27T19:20:10.953900Z,116.5305279,0.028449836,FL,0,2019-04-27T19:19:50Z
767.3838674,0.187349577,-249,-554,469,-0.060791016,-0.135253906,0.114501953,2019-04-27T19:20:10.507300Z,72.83048217,0.017780879,NL,1,2019-04-27T19:19:50Z
2338.570931,0.570940169,53,-2283,504,0.012939453,-0.557373047,0.123046875,2019-04-27T19:20:09.614800Z,124.3285347,0.030353646,NR,2,2019-04-27T19:19:50Z
391.4665513,0.095572889,43.24084108,-137,-364.1528395,0.010556846,-0.033447266,-0.088904502,2019-04-27T19:20:10.942100Z,109.8909318,0.026828841,FR,3,2019-04-27T19:19:50Z
277.6857318,0.067794368,74.61797415,154,-218.6904743,0.018217279,0.037597656,-0.053391229,2019-04-27T19:22:40.813900Z,116.7553335,0.02850472,FL,0,2019-04-27T19:22:21Z
615.6711785,0.150310346,149,375,-465,0.036376953,0.091552734,-0.113525391,2019-04-27T19:22:39.562300Z,72.84833972,0.017785239,NL,1,2019-04-27T19:22:21Z
3558.680935,0.868818588,-983,-2664,2145,-0.239990234,-0.650390625,0.523681641,2019-04-27T19:22:39.399800Z,152.0886015,0.037131006,NR,2,2019-04-27T19:22:21Z
870.3431024,0.212486109,-326.5139937,279,756.9971782,-0.07971533,0.068115234,0.184813764,2019-04-27T19:22:40.067100Z,113.0937813,0.027610786,FR,3,2019-04-27T19:22:21Z
339.2460821,0.082823751,36.52586684,287,-177.157459,0.008917448,0.070068359,-0.043251333,2019-04-27T22:11:05.124300Z,113.6278338,0.02774117,FL,0,2019-04-27T22:10:54Z
742.4048761,0.18125119,100,722,-141,0.024414063,0.176269531,-0.034423828,2019-04-27T22:11:05.061500Z,73.56635863,0.017960537,NL,1,2019-04-27T22:10:54Z
3020.237242,0.737362608,1794,1761,-1674,0.437988281,0.429931641,-0.408691406,2019-04-27T22:11:03.505600Z,190.4817493,0.046504333,NR,2,2019-04-27T22:10:54Z
1067.576477,0.260638788,551.2896033,-413,-815.6165204,0.134592188,-0.100830078,-0.199125127,2019-04-27T22:11:03.905100Z,117.5392406,0.028696104,FR,3,2019-04-27T22:10:54Z
340.5770875,0.083148703,86.63363386,64,-323.0965274,0.02115079,0.015625,-0.078880988,2019-04-27T22:25:38.864300Z,112.3202234,0.02742193,FL,0,2019-04-27T22:25:22Z
375.5369489,0.091683825,24,144,-346,0.005859375,0.03515625,-0.084472656,2019-04-27T22:25:38.906500Z,68.74177252,0.016782659,NL,1,2019-04-27T22:25:22Z
1907.020713,0.465581229,-84,-1894,-206,-0.020507813,-0.462402344,-0.050292969,2019-04-27T22:25:37.895600Z,124.7558715,0.030457976,NR,2,2019-04-27T22:25:22Z
573.9925151,0.140134891,424.0339523,-46,-384.1179696,0.103523914,-0.011230469,-0.093778801,2019-04-27T22:25:38.340100Z,115.941918,0.028306132,FR,3,2019-04-27T22:25:22Z
244.1616355,0.059609774,36.52586684,164,-177.157459,0.008917448,0.040039063,-0.043251333,2019-04-27T22:28:07.134300Z,112.0820878,0.027363791,FL,0,2019-04-27T22:27:49Z
362.2747576,0.088445986,-27,-67,-355,-0.006591797,-0.016357422,-0.086669922,2019-04-27T22:28:05.966500Z,68.21415628,0.016653847,NL,1,2019-04-27T22:27:49Z
2694.703138,0.657886508,-360,2361,1248,-0.087890625,0.576416016,0.3046875,2019-04-27T22:28:05.195600Z,113.4561928,0.027699266,NR,2,2019-04-27T22:27:49Z
788.101917,0.192407695,241.5573067,-204,-721.8993691,0.058973952,-0.049804688,-0.176244963,2019-04-27T22:28:05.900100Z,115.4864511,0.028194934,FR,3,2019-04-27T22:27:49Z
353.1339603,0.086214346,61.08229529,-54,-343.5935784,0.01491267,-0.013183594,-0.083885151,2019-04-27T22:30:45.554300Z,113.0224071,0.027593361,FL,0,2019-04-27T22:30:27Z
738.2309937,0.180232176,80,608,411,0.01953125,0.1484375,0.100341797,2019-04-27T22:30:44.661500Z,72.55831581,0.017714433,NL,1,2019-04-27T22:30:27Z
3119.948397,0.761706152,-225,-2482,1877,-0.054931641,-0.605957031,0.458251953,2019-04-27T22:30:44.390600Z,133.8579083,0.032680153,NR,2,2019-04-27T22:30:27Z
962.3749813,0.234954829,-476.2118326,224,805.7368647,-0.116262654,0.0546875,0.196713102,2019-04-27T22:30:44.675100Z,117.0521363,0.028577182,FR,3,2019-04-27T22:30:27Z
630.4243416,0.153912193,208.0369804,594,-36.32444464,0.050790278,0.145019531,-0.008868273,2019-04-27T16:29:18.783600Z,121.8509231,0.029748761,FL,0,2019-04-27T16:28:59Z
2953.308145,0.721022496,-556,-2683,-1102,-0.135742188,-0.655029297,-0.269042969,2019-04-27T16:29:18.190100Z,86.5301426,0.021125523,NL,1,2019-04-27T16:28:59Z
4096,1,0,0,-4096,0,0,-1,2019-04-27T16:28:49.000300Z,4096,1,NR,2,2019-04-27T16:28:59Z
263.0163984,0.064212988,74.21963773,-49,-247.5238801,0.018120029,-0.011962891,-0.060430635,2019-04-27T16:29:19.485700Z,104.6695786,0.025554096,FR,3,2019-04-27T16:28:59Z
1768.863714,0.431851493,-315.5823261,-1648,-559.8058883,-0.077046466,-0.40234375,-0.136671359,2019-04-27T16:32:17.563600Z,129.443928,0.031602521,FL,0,2019-04-27T16:31:58Z
4460.539653,1.088998939,953,4346,-317,0.232666016,1.061035156,-0.077392578,2019-04-27T16:32:17.110100Z,123.4914384,0.030149277,NL,1,2019-04-27T16:31:58Z
933.6235858,0.227935446,-319,-784,-394,-0.077880859,-0.19140625,-0.096191406,2019-04-27T16:32:17.180300Z,93.00995013,0.022707507,NR,2,2019-04-27T16:31:58Z
252.9751906,0.061761521,42.43592205,-60,-242.0653622,0.010360333,-0.014648438,-0.059097989,2019-04-27T16:32:18.255700Z,104.8858035,0.025606886,FR,3,2019-04-27T16:31:58Z
1932.208594,0.471730614,204.1811269,1586,1084.593988,0.049848908,0.387207031,0.264793454,2019-04-27T16:35:26.308600Z,126.4905611,0.030881485,FL,0,2019-04-27T16:35:07Z
5603.51711,1.368046169,-266,4822,2842,-0.064941406,1.177246094,0.693847656,2019-04-27T16:35:25.835100Z,104.0366824,0.025399581,NL,1,2019-04-27T16:35:07Z
598.8138275,0.146194782,-267,-525,-108,-0.065185547,-0.128173828,-0.026367188,2019-04-27T16:35:25.925300Z,90.9820584,0.022212417,NR,2,2019-04-27T16:35:07Z
228.4506476,0.055774084,67.97345624,-32,-215.7436155,0.016595082,-0.0078125,-0.052671781,2019-04-27T16:35:25.665700Z,104.61949,0.025541868,FR,3,2019-04-27T16:35:07Z
1467.990105,0.358396022,-218.7938957,1151,-884.4903501,-0.053416478,0.281005859,-0.215940027,2019-04-27T16:38:55.508600Z,127.5273488,0.031134607,FL,0,2019-04-27T16:38:35Z
4928.586106,1.203268092,638,4786,989,0.155761719,1.168457031,0.241455078,2019-04-27T16:38:55.195100Z,106.6707916,0.026042674,NL,1,2019-04-27T16:38:35Z
875.3113732,0.213699066,100,-581,647,0.024414063,-0.141845703,0.157958984,2019-04-27T16:38:55.255300Z,92.72682001,0.022638384,NR,2,2019-04-27T16:38:35Z
298.438915,0.072861063,-20.51658135,-74,-288.3901106,-0.005008931,-0.018066406,-0.070407742,2019-04-27T16:38:55.865700Z,104.6428462,0.02554757,FR,3,2019-04-27T16:38:35Z
2030.760462,0.495791128,-233.7572285,1113,1682.431756,-0.057069636,0.271728516,0.41074994,2019-04-27T16:42:55.963600Z,127.1228913,0.031035862,FL,0,2019-04-27T16:42:37Z
5001.937525,1.221176153,103,4957,661,0.025146484,1.210205078,0.161376953,2019-04-27T16:42:55.500100Z,104.4760259,0.025506842,NL,1,2019-04-27T16:42:37Z
825.1721033,0.201458033,-294,-572,-517,-0.071777344,-0.139648438,-0.126220703,2019-04-27T16:42:55.470300Z,91.85590029,0.022425757,NR,2,2019-04-27T16:42:37Z
211.6034046,0.051660987,-79.40970725,-30,-193.8300782,-0.019387136,-0.007324219,-0.047321796,2019-04-27T16:42:55.535700Z,104.6180765,0.025541523,FR,3,2019-04-27T16:42:37Z
1524.963059,0.372305434,487.7783073,1117,916.4582116,0.119086501,0.272705078,0.223744681,2019-04-27T16:46:05.543600Z,126.0956122,0.030785062,FL,0,2019-04-27T16:45:48Z
5062.489309,1.235959304,801,-571,-4966,0.195556641,-0.139404297,-1.212402344,2019-04-27T16:46:05.105100Z,103.2199232,0.025200177,NL,1,2019-04-27T16:45:48Z
728.7647083,0.177921071,-103,-640,-333,-0.025146484,-0.15625,-0.081298828,2019-04-27T16:46:05.455300Z,92.0675243,0.022477423,NR,2,2019-04-27T16:45:48Z
225.1380051,0.054965333,-34.71904504,-32,-220.1311183,-0.008476329,-0.0078125,-0.053742949,2019-04-27T16:46:05.885700Z,104.4957553,0.025511659,FR,3,2019-04-27T16:45:48Z
1731.169914,0.422648905,721.1744507,1313,867.6910069,0.176067981,0.320556641,0.211838625,2019-04-27T16:49:11.943600Z,128.6304886,0.031403928,FL,0,2019-04-27T16:48:55Z
5388.164344,1.315469811,165,5323,819,0.040283203,1.299560547,0.199951172,2019-04-27T16:49:11.235100Z,110.1540121,0.026893069,NL,1,2019-04-27T16:48:55Z
724.9586195,0.17699185,-51,-658,300,-0.012451172,-0.160644531,0.073242188,2019-04-27T16:49:11.605300Z,93.27360449,0.022771876,NR,2,2019-04-27T16:48:55Z
275.0291624,0.067145792,45.17553429,-73,-261.2876026,0.011029183,-0.017822266,-0.063790919,2019-04-27T16:49:12.595700Z,104.8547528,0.025599305,FR,3,2019-04-27T16:48:55Z
1523.824065,0.37202736,190.9357018,1292,785.0600855,0.046615162,0.315429688,0.19166506,2019-04-27T16:51:50.403600Z,126.9742281,0.030999567,FL,0,2019-04-27T16:51:33Z
3776.146448,0.921910754,148,3773,-43,0.036132813,0.921142578,-0.010498047,2019-04-27T16:51:49.560100Z,117.5670248,0.028702887,NL,1,2019-04-27T16:51:33Z
919.6162243,0.22451568,34,-893,-217,0.008300781,-0.218017578,-0.052978516,2019-04-27T16:51:50.190300Z,94.28561843,0.02301895,NR,2,2019-04-27T16:51:33Z
360.8527974,0.088098827,73.90867742,-30,-351.9264821,0.018044111,-0.007324219,-0.085919551,2019-04-27T16:51:50.570700Z,104.9757892,0.025628855,FR,3,2019-04-27T16:51:33Z
1194.701054,0.291675062,266.7126874,946,-679.1604746,0.065115402,0.230957031,-0.165810663,2019-04-27T19:27:19.133900Z,122.0974062,0.029808937,FL,0,2019-04-27T19:27:02Z
3287.555171,0.802625774,-469,-2183,-2413,-0.114501953,-0.532958984,-0.589111328,2019-04-27T19:27:18.457300Z,92.76084517,0.022646691,NL,1,2019-04-27T19:27:02Z
467.9091792,0.114235639,-171,-433,-47,-0.041748047,-0.105712891,-0.011474609,2019-04-27T19:27:19.364800Z,88.7823651,0.021675382,NR,2,2019-04-27T19:27:02Z
267.6797805,0.065351509,54.65882831,-23,-261.0284991,0.013344441,-0.005615234,-0.063727661,2019-04-27T19:27:19.897100Z,108.7483259,0.026549884,FR,3,2019-04-27T19:27:02Z
517.3140431,0.126297374,127.9663048,-321,-384.9642113,0.031241774,-0.078369141,-0.093985403,2019-04-27T19:29:56.718900Z,119.0056341,0.02905411,FL,0,2019-04-27T19:29:37Z
5927.210052,1.447072767,897,5839,483,0.218994141,1.425537109,0.117919922,2019-04-27T19:29:56.762300Z,103.0200028,0.025151368,NL,1,2019-04-27T19:29:37Z
819.3326553,0.200032387,-39,-733,364,-0.009521484,-0.178955078,0.088867188,2019-04-27T19:29:56.774800Z,90.9057974,0.022193798,NR,2,2019-04-27T19:29:37Z
264.3600526,0.064541028,-47.78147173,-66,-251.4898971,-0.011665398,-0.016113281,-0.061398901,2019-04-27T19:29:58.537100Z,108.8464664,0.026573844,FR,3,2019-04-27T19:29:37Z
1283.377799,0.313324658,292.0043797,648,1068.591605,0.071290132,0.158203125,0.260886622,2019-04-27T19:33:15.208900Z,121.8649069,0.029752175,FL,0,2019-04-27T19:32:56Z
3870.225058,0.944879165,417,3688,1097,0.101806641,0.900390625,0.267822266,2019-04-27T19:33:14.602300Z,108.0194278,0.026371931,NL,1,2019-04-27T19:32:56Z
628.673206,0.153484669,-102,-551,285,-0.024902344,-0.134521484,0.069580078,2019-04-27T19:33:14.939800Z,91.78490124,0.022408423,NR,2,2019-04-27T19:32:56Z
287.2321715,0.070125042,-7.7063559,-95,-270.9574366,-0.001881435,-0.023193359,-0.066151718,2019-04-27T19:33:14.752100Z,108.7591715,0.026552532,FR,3,2019-04-27T19:32:56Z
1002.768749,0.244816589,425.5171083,892,-169.7538041,0.103886013,0.217773438,-0.0414438,2019-04-27T19:36:23.953900Z,122.5160337,0.029911141,FL,0,2019-04-27T19:36:06Z
4472.894589,1.09201528,-1225,-3160,2919,-0.299072266,-0.771484375,0.712646484,2019-04-27T19:36:23.287300Z,108.3804757,0.026460077,NL,1,2019-04-27T19:36:06Z
1134.41659,0.276957175,-86,932,-641,-0.020996094,0.227539063,-0.156494141,2019-04-27T19:36:23.524800Z,94.30670849,0.023024099,NR,2,2019-04-27T19:36:06Z
323.1146529,0.078885413,10.24107389,-140,-291.0295507,0.002500262,-0.034179688,-0.071052136,2019-04-27T19:36:24.032100Z,109.3973198,0.02670833,FR,3,2019-04-27T19:36:06Z
1195.336058,0.291830092,202.878798,929,724.311732,0.049530957,0.226806641,0.176833919,2019-04-27T19:39:41.088900Z,122.5805039,0.029926881,FL,0,2019-04-27T19:39:21Z
6102.08956,1.489767959,24,-4365,-4264,0.005859375,-1.065673828,-1.041015625,2019-04-27T19:39:40.712300Z,108.1946567,0.026414711,NL,1,2019-04-27T19:39:21Z
1309.704165,0.319751993,-350,-533,1144,-0.085449219,-0.130126953,0.279296875,2019-04-27T19:39:40.819800Z,94.38837978,0.023044038,NR,2,2019-04-27T19:39:21Z
339.5407495,0.082895691,-1.636361129,-185,-284.7108057,-0.000399502,-0.045166016,-0.069509474,2019-04-27T19:39:41.352100Z,109.5394458,0.026743029,FR,3,2019-04-27T19:39:21Z
1218.041159,0.29737333,-128.4766012,1211,24.43417166,-0.031366358,0.295654297,0.005965374,2019-04-27T19:42:57.523900Z,124.3573884,0.030360691,FL,0,2019-04-27T19:42:37Z
4500.965452,1.098868519,795,3776,2317,0.194091797,0.921875,0.565673828,2019-04-27T19:42:56.977300Z,122.361934,0.029873519,NL,1,2019-04-27T19:42:37Z
907.2518945,0.221497045,-209,-552,-689,-0.051025391,-0.134765625,-0.168212891,2019-04-27T19:42:57.284800Z,95.24123349,0.023252254,NR,2,2019-04-27T19:42:37Z
307.7753869,0.075140475,-67.25246225,-109,-279.8603136,-0.016419058,-0.026611328,-0.068325272,2019-04-27T19:42:58.177100Z,109.3623991,0.026699804,FR,3,2019-04-27T19:42:37Z
1170.282869,0.285713591,-307.2700384,-404,-1054.481445,-0.075017099,-0.098632813,-0.257441759,2019-04-27T19:45:55.583900Z,123.1830326,0.030073983,FL,0,2019-04-27T19:45:35Z
5023.407807,1.226417922,-4,4649,1903,-0.000976563,1.135009766,0.464599609,2019-04-27T19:45:54.972300Z,104.5603274,0.025527424,NL,1,2019-04-27T19:45:35Z
1800.119257,0.439482241,-90.38404147,-1043,-1464.380779,-0.022066416,-0.254638672,-0.357514839,2019-04-27T19:48:43.298900Z,122.9844616,0.030025503,FL,0,2019-04-27T19:48:23Z
5458.424406,1.332623146,-762,-1973,-5032,-0.186035156,-0.481689453,-1.228515625,2019-04-27T19:48:42.547300Z,107.7021498,0.02629447,NL,1,2019-04-27T19:48:23Z
485.5294948,0.118537474,189.2397673,301,-330.6451282,0.046201115,0.073486328,-0.080723908,2019-04-27T22:38:13.134300Z,114.5261773,0.027960493,FL,0,2019-04-27T22:37:56Z
6361.42484,1.553082236,-1195,-4670,-4151,-0.291748047,-1.140136719,-1.013427734,2019-04-27T22:38:12.916500Z,99.58398317,0.024312496,NL,1,2019-04-27T22:37:56Z
863.76212,0.210879424,-130,-841,148,-0.031738281,-0.205322266,0.036132813,2019-04-27T22:38:13.165600Z,90.42729115,0.022076975,NR,2,2019-04-27T22:37:56Z
298.3729661,0.072844962,-7.105232329,-99,-281.3804232,-0.001734676,-0.024169922,-0.068696392,2019-04-27T22:38:13.070100Z,111.8592461,0.027309386,FR,3,2019-04-27T22:37:56Z
627.1931735,0.153123333,148.2388537,-143,-592.4082369,0.036191126,-0.034912109,-0.144630917,2019-04-27T22:40:56.234300Z,114.5800423,0.027973643,FL,0,2019-04-27T22:40:37Z
4514.516696,1.102176928,154,4308,1341,0.037597656,1.051757813,0.327392578,2019-04-27T22:40:55.276500Z,91.12748033,0.02224792,NL,1,2019-04-27T22:40:37Z
819.7774088,0.200140969,-159,-755,-277,-0.038818359,-0.184326172,-0.067626953,2019-04-27T22:40:55.725600Z,91.01143951,0.02221959,NR,2,2019-04-27T22:40:37Z
248.1278711,0.060578094,34.14797299,-54,-239.7610401,0.008336907,-0.013183594,-0.05853541,2019-04-27T22:40:55.745100Z,111.9243114,0.027325271,FR,3,2019-04-27T22:40:37Z
1006.034165,0.24561381,-469.9268617,-778,-431.264983,-0.114728238,-0.189941406,-0.105289302,2019-04-27T22:45:06.709300Z,117.3357709,0.028646428,FL,0,2019-04-27T22:44:49Z
4510.587767,1.101217716,321,-2165,-3944,0.078369141,-0.528564453,-0.962890625,2019-04-27T22:45:05.986500Z,108.518895,0.026493871,NL,1,2019-04-27T22:44:49Z
1096.080745,0.267597838,-237,-1018,330,-0.057861328,-0.248535156,0.080566406,2019-04-27T22:45:06.455600Z,93.75342667,0.02288902,NR,2,2019-04-27T22:44:49Z
317.3567997,0.077479687,99.09383819,-84,-289.5509446,0.024192832,-0.020507813,-0.070691149,2019-04-27T22:45:07.100100Z,112.2421626,0.027402872,FR,3,2019-04-27T22:44:49Z
813.2301525,0.198542518,194.1525601,198,-764.4894142,0.047400527,0.048339844,-0.186642923,2019-04-27T22:48:24.644300Z,119.1078021,0.029079053,FL,0,2019-04-27T22:48:06Z
5549.334735,1.354818051,-1294,-4758,-2546,-0.315917969,-1.161621094,-0.621582031,2019-04-27T22:48:24.486500Z,127.4208308,0.031108601,NL,1,2019-04-27T22:48:06Z
1273.211294,0.310842601,211,705,-1039,0.051513672,0.172119141,-0.253662109,2019-04-27T22:48:24.220600Z,92.99808352,0.02270461,NR,2,2019-04-27T22:48:06Z
395.045506,0.096446657,129.5336309,-4,-373.1835879,0.031624422,-0.000976563,-0.091109274,2019-04-27T22:48:25.385100Z,112.4754738,0.027459832,FR,3,2019-04-27T22:48:06Z
1566.450593,0.382434227,669.6026058,-446,-1344.054988,0.163477199,-0.108886719,-0.328138425,2019-04-27T22:52:07.654300Z,119.7228226,0.029229205,FL,0,2019-04-27T22:51:52Z
6082.687399,1.485031103,194,5535,2515,0.047363281,1.351318359,0.614013672,2019-04-27T22:52:06.976500Z,111.4641517,0.027212928,NL,1,2019-04-27T22:51:52Z
974.1981318,0.237841341,271,890,-289,0.066162109,0.217285156,-0.070556641,2019-04-27T22:52:07.705600Z,92.82807509,0.022663104,NR,2,2019-04-27T22:51:52Z
298.8482404,0.072960996,88.23556142,-112,-262.6418788,0.021541885,-0.02734375,-0.064121552,2019-04-27T22:52:08.135100Z,112.4059209,0.027442852,FR,3,2019-04-27T22:51:52Z
1208.430748,0.295027038,230.2719217,-1055,-542.452499,0.056218731,-0.257568359,-0.132434692,2019-04-27T22:55:10.244300Z,117.6874197,0.02873228,FL,0,2019-04-27T22:54:52Z
5510.739152,1.345395301,-551,-3378,-4319,-0.134521484,-0.824707031,-1.054443359,2019-04-27T22:55:10.016500Z,103.6881807,0.025314497,NL,1,2019-04-27T22:54:52Z
829.5577135,0.202528739,55,-554,-615,0.013427734,-0.135253906,-0.150146484,2019-04-27T22:55:10.025600Z,91.38423441,0.022310604,NR,2,2019-04-27T22:54:52Z
388.7934449,0.094920275,102.5347462,-66,-369.1760672,0.025032897,-0.016113281,-0.090130876,2019-04-27T22:55:11.030100Z,112.1862017,0.027389209,FR,3,2019-04-27T22:54:52Z
1356.928033,0.331281258,313.7804161,-308,-1283.717857,0.076606547,-0.075195313,-0.31340768,2019-04-27T22:58:18.404300Z,117.4297592,0.028669375,FL,0,2019-04-27T22:57:59Z
4321.815591,1.055130759,256,4235,823,0.0625,1.033935547,0.200927734,2019-04-27T22:58:18.061500Z,104.1453134,0.025426102,NL,1,2019-04-27T22:57:59Z
1095.368431,0.267423933,-166,700,-826,-0.040527344,0.170898438,-0.201660156,2019-04-27T22:58:18.085600Z,93.6075101,0.022853396,NR,2,2019-04-27T22:57:59Z
358.7215025,0.087578492,146.8626817,-44,-324.3092183,0.035855147,-0.010742188,-0.079177055,2019-04-27T22:58:19.265100Z,112.5686074,0.02748257,FR,3,2019-04-27T22:57:59Z
866.6592209,0.211586724,457.4806427,-181,-713.4764655,0.11168961,-0.044189453,-0.17418859,2019-04-27T23:01:18.204100Z,117.3833132,0.028658035,FL,0,2019-04-27T23:00:58Z
4497.566231,1.098038631,-230,-4041,-1961,-0.056152344,-0.986572266,-0.478759766,2019-04-27T23:01:17.923400Z,108.1271898,0.02639824,NL,1,2019-04-27T23:00:58Z
654.5975863,0.159813864,5,-627,188,0.001220703,-0.153076172,0.045898438,2019-04-27T23:01:18.193100Z,91.36886614,0.022306852,NR,2,2019-04-27T23:00:58Z
249.6309525,0.060945057,-36.93354823,-42,-243.2848648,-0.00901698,-0.010253906,-0.059395719,2019-04-27T23:01:20.684900Z,112.4085583,0.027443496,FR,3,2019-04-27T23:00:58Z
2940.768155,0.717960975,1501.302053,1793,1783.07613,0.366528822,0.437744141,0.435321321,2019-04-27T18:48:44.331900Z,130.9188625,0.031962613,FL,0,2019-04-27T18:48:27Z
7525.725281,1.837335274,564,-7203,2106,0.137695313,-1.758544922,0.514160156,2019-04-27T18:48:43.871000Z,119.9577343,0.029286556,NL,1,2019-04-27T18:48:27Z
4049.429713,0.988630301,681,3894,878,0.166259766,0.950683594,0.214355469,2019-04-27T18:48:43.939300Z,121.0411878,0.029551071,NR,2,2019-04-27T18:48:27Z
3035.68372,0.741133721,-1739.241089,1374,2074.256513,-0.424619406,0.335449219,0.506410281,2019-04-27T18:48:44.172700Z,121.3433441,0.02962484,FR,3,2019-04-27T18:48:27Z
2409.955004,0.588367921,339.2616471,1337,1976.16185,0.082827551,0.326416016,0.482461389,2019-04-27T18:53:55.141900Z,142.3178544,0.03474557,FL,0,2019-04-27T18:53:36Z
9371.354545,2.287928356,-345,9365,6,-0.084228516,2.286376953,0.001464844,2019-04-27T18:53:54.166000Z,183.2478381,0.044738242,NL,1,2019-04-27T18:53:36Z
6795.180424,1.658979596,-6000,-3114,691,-1.46484375,-0.760253906,0.168701172,2019-04-27T18:53:54.169300Z,158.0225293,0.038579719,NR,2,2019-04-27T18:53:36Z
3555.11699,0.867948484,-2742.652989,-132,2258.160179,-0.669593015,-0.032226563,0.551308637,2019-04-27T18:53:54.777700Z,126.2965475,0.030834118,FR,3,2019-04-27T18:53:36Z
1540.243266,0.376035954,-224.1902035,-1206,-931.4784323,-0.054733936,-0.294433594,-0.227411727,2019-04-27T18:57:16.811900Z,125.1452975,0.030553051,FL,0,2019-04-27T18:57:02Z
10375.79997,2.533154289,-132,-7976,-6635,-0.032226563,-1.947265625,-1.619873047,2019-04-27T18:57:16.801000Z,156.5307744,0.038215521,NL,1,2019-04-27T18:57:02Z
5766.282425,1.407783795,372,5602,1315,0.090820313,1.367675781,0.321044922,2019-04-27T18:57:16.629300Z,152.6058745,0.037257294,NR,2,2019-04-27T18:57:02Z
2345.722895,0.572686254,-2273.32906,560,144.1904419,-0.555011978,0.13671875,0.035202745,2019-04-27T18:57:17.072700Z,124.9968464,0.030516808,FR,3,2019-04-27T18:57:02Z
2914.405446,0.711524767,-2739.702395,-982,-153.1858034,-0.668872655,-0.239746094,-0.037398878,2019-04-27T21:25:33.356200Z,131.9758351,0.032220663,FL,0,2019-04-27T21:25:15Z
5797.236324,1.415340899,762,5548,1499,0.186035156,1.354492188,0.365966797,2019-04-27T21:25:33.321100Z,105.5871168,0.025778105,NL,1,2019-04-27T21:25:15Z
5874.216629,1.434134919,-753,-5484,-1966,-0.183837891,-1.338867188,-0.479980469,2019-04-27T21:25:33.228600Z,139.9817305,0.034175227,NR,2,2019-04-27T21:25:15Z
3408.804864,0.83222775,1496.26029,527,-3017.18855,0.365297922,0.128662109,-0.736618298,2019-04-27T21:25:33.352600Z,133.8856099,0.032686916,FR,3,2019-04-27T21:25:15Z
2188.281746,0.534248473,-626.1584085,660,1990.20166,-0.152870705,0.161132813,0.485889077,2019-04-27T21:39:02.151200Z,135.3410001,0.033042236,FL,0,2019-04-27T21:38:45Z
8897.768372,2.172306731,1583,-8477,-2192,0.386474609,-2.069580078,-0.53515625,2019-04-27T21:39:02.161100Z,153.8853009,0.037569654,NL,1,2019-04-27T21:38:45Z
7041.693333,1.719163411,-815,5552,-4254,-0.198974609,1.35546875,-1.038574219,2019-04-27T21:39:02.028600Z,162.1177988,0.039579541,NR,2,2019-04-27T21:38:45Z
4607.403022,1.124854253,2468.385794,-1128,-3723.284864,0.60263325,-0.275390625,-0.909005094,2019-04-27T21:39:02.217600Z,135.1728154,0.033001176,FR,3,2019-04-27T21:38:45Z
3046.654901,0.743812232,3014.418413,243,-369.2407333,0.735941995,0.059326172,-0.090146663,2019-04-27T21:42:26.626200Z,136.1206627,0.033232584,FL,0,2019-04-27T21:42:14Z
8178.526884,1.996710665,-746,6831,4435,-0.182128906,1.667724609,1.082763672,2019-04-27T21:42:26.276100Z,140.6361974,0.034335009,NL,1,2019-04-27T21:42:14Z
6711.986144,1.638668492,-1086,-5989,-2829,-0.265136719,-1.462158203,-0.690673828,2019-04-27T21:42:26.068600Z,159.7427975,0.038999706,NR,2,2019-04-27T21:42:14Z
3057.059595,0.74635244,2125.4918,507,-2137.954391,0.518918897,0.123779297,-0.521961521,2019-04-27T21:42:26.887600Z,132.6689937,0.032389891,FR,3,2019-04-27T21:42:14Z
2535.606027,0.61904444,1629.591843,-1207,-1522.129874,0.397849571,-0.294677734,-0.371613739,2019-04-27T21:45:56.021200Z,138.7217281,0.033867609,FL,0,2019-04-27T21:45:42Z
7147.215472,1.744925652,1408,-6919,-1108,0.34375,-1.689208984,-0.270507813,2019-04-27T21:45:55.546100Z,150.534718,0.03675164,NL,1,2019-04-27T21:45:42Z
7821.307691,1.909498948,-4365,5805,2902,-1.065673828,1.417236328,0.708496094,2019-04-27T21:45:55.598600Z,163.9815901,0.040034568,NR,2,2019-04-27T21:45:42Z
3745.420541,0.914409312,2965.583905,-1338,-1855.597781,0.724019508,-0.326660156,-0.453026802,2019-04-27T21:45:55.937600Z,135.6975699,0.03312929,FR,3,2019-04-27T21:45:42Z
2251.17705,0.549603772,-1500.085536,1643,-343.6458876,-0.36623182,0.401123047,-0.083897922,2019-04-27T21:49:56.501200Z,129.622778,0.031646186,FL,0,2019-04-27T21:49:42Z
8218.613326,2.006497394,-1369,7388,3330,-0.334228516,1.803710938,0.812988281,2019-04-27T21:49:55.941100Z,137.4919877,0.03356738,NL,1,2019-04-27T21:49:42Z
9619.614545,2.348538707,2502,-8362,-4044,0.610839844,-2.041503906,-0.987304688,2019-04-27T21:49:56.008600Z,149.7752314,0.036566219,NR,2,2019-04-27T21:49:42Z
3119.382126,0.761567902,-2043.504967,2245,717.3613465,-0.49890258,0.548095703,0.175137047,2019-04-27T21:49:56.457600Z,130.3101204,0.031813994,FR,3,2019-04-27T21:49:42Z
2334.220469,0.569878044,-1361.525784,-1853,-401.5267574,-0.332403756,-0.452392578,-0.098028994,2019-04-27T18:29:20.001900Z,134.8861883,0.032931198,FL,0,2019-04-27T18:29:03Z
8831.633201,2.15616045,660,6416,6033,0.161132813,1.56640625,1.472900391,2019-04-27T18:29:19.511000Z,146.9435783,0.035874897,NL,1,2019-04-27T18:29:03Z
8064.481694,1.968867601,-320,-6149,-5208,-0.078125,-1.501220703,-1.271484375,2019-04-27T18:29:19.404300Z,163.1588035,0.039833692,NR,2,2019-04-27T18:29:03Z
2322.595517,0.567039921,-1614.265602,615,1552.537117,-0.394107813,0.150146484,0.379037382,2019-04-27T18:29:20.357700Z,120.3951122,0.029393338,FR,3,2019-04-27T18:29:03Z
2697.362899,0.658535864,201.7905275,2568,800.2644519,0.049265265,0.626953125,0.195377063,2019-04-27T18:35:53.061900Z,134.8410473,0.032920178,FL,0,2019-04-27T18:35:33Z
9275.497615,2.264525785,-264,-6874,-6222,-0.064453125,-1.678222656,-1.519042969,2019-04-27T18:35:52.516000Z,143.5320081,0.035041994,NL,1,2019-04-27T18:35:33Z
2324.538019,0.567514165,448,2162,-727,0.109375,0.527832031,-0.177490234,2019-04-27T18:35:52.979300Z,102.7480699,0.025084978,NR,2,2019-04-27T18:35:33Z
714.7733036,0.174505201,629.9026508,-193,-277.2625581,0.153784827,-0.047119141,-0.067691054,2019-04-27T18:35:53.547700Z,109.4668502,0.026725305,FR,3,2019-04-27T18:35:33Z
3073.811576,0.750442279,-430.2966655,-1216,-2790.072828,-0.105052897,-0.296875,-0.681170124,2019-04-27T18:39:09.666900Z,141.7468722,0.03460617,FL,0,2019-04-27T18:38:51Z
10395.48522,2.537960259,-75,598,-10378,-0.018310547,0.145996094,-2.533691406,2019-04-27T18:39:09.206000Z,158.7022121,0.038745657,NL,1,2019-04-27T18:38:51Z
6397.986324,1.56200838,3452,3874,3743,0.842773438,0.945800781,0.913818359,2019-04-27T18:39:09.064300Z,145.6896639,0.035568766,NR,2,2019-04-27T18:38:51Z
2182.047111,0.532726345,651.8743139,-264,-2065.597607,0.159149002,-0.064453125,-0.504296291,2019-04-27T18:39:09.812700Z,120.4017976,0.02939497,FR,3,2019-04-27T18:38:51Z
2871.264335,0.700992269,75.72622751,1966,2091.236098,0.018487849,0.479980469,0.510555688,2019-04-27T18:45:04.551900Z,139.8472416,0.034142393,FL,0,2019-04-27T18:44:45Z
9396.512225,2.294070368,-1728,7787,4967,-0.421875,1.901123047,1.212646484,2019-04-27T18:45:03.991000Z,162.5035683,0.039673723,NL,1,2019-04-27T18:44:45Z
9284.901507,2.266821657,3280,-2070,-8436,0.80078125,-0.505371094,-2.059570313,2019-04-27T18:45:04.079300Z,165.4470185,0.040392338,NR,2,2019-04-27T18:44:45Z
2314.213797,0.564993603,-6.117767239,-772,-2181.642517,-0.001493596,-0.188476563,-0.532627568,2019-04-27T18:45:04.732700Z,122.3011039,0.029858668,FR,3,2019-04-27T18:44:45Z
2490.015236,0.607913876,1571.548681,197,-1921.354111,0.383678877,0.048095703,-0.469080593,2019-04-27T21:18:19.761200Z,133.5512486,0.032605285,FL,0,2019-04-27T21:18:03Z
8834.590879,2.156882539,-634,-8442,-2526,-0.154785156,-2.061035156,-0.616699219,2019-04-27T21:18:19.491100Z,149.9755762,0.036615131,NL,1,2019-04-27T21:18:03Z
7576.126319,1.849640215,-471,7557,-260,-0.114990234,1.844970703,-0.063476563,2019-04-27T21:18:19.433600Z,142.9632547,0.034903138,NR,2,2019-04-27T21:18:03Z
2515.226334,0.614068929,-1941.247574,891,1328.171813,-0.473937396,0.217529297,0.324260696,2019-04-27T21:18:19.757600Z,125.137505,0.030551149,FR,3,2019-04-27T21:18:03Z
2490.015236,0.607913876,1571.548681,197,-1921.354111,0.383678877,0.048095703,-0.469080593,2019-04-27T21:18:19.761200Z,133.5512486,0.032605285,FL,0,2019-04-27T21:18:03Z
8834.590879,2.156882539,-634,-8442,-2526,-0.154785156,-2.061035156,-0.616699219,2019-04-27T21:18:19.491100Z,149.9755762,0.036615131,NL,1,2019-04-27T21:18:03Z
7576.126319,1.849640215,-471,7557,-260,-0.114990234,1.844970703,-0.063476563,2019-04-27T21:18:19.433600Z,142.9632547,0.034903138,NR,2,2019-04-27T21:18:03Z
2515.226334,0.614068929,-1941.247574,891,1328.171813,-0.473937396,0.217529297,0.324260696,2019-04-27T21:18:19.757600Z,125.137505,0.030551149,FR,3,2019-04-27T21:18:03Z
2490.015236,0.607913876,1571.548681,197,-1921.354111,0.383678877,0.048095703,-0.469080593,2019-04-27T21:18:19.761200Z,133.5512486,0.032605285,FL,0,2019-04-27T21:18:03Z
8834.590879,2.156882539,-634,-8442,-2526,-0.154785156,-2.061035156,-0.616699219,2019-04-27T21:18:19.491100Z,149.9755762,0.036615131,NL,1,2019-04-27T21:18:03Z
7576.126319,1.849640215,-471,7557,-260,-0.114990234,1.844970703,-0.063476563,2019-04-27T21:18:19.433600Z,142.9632547,0.034903138,NR,2,2019-04-27T21:18:03Z
2515.226334,0.614068929,-1941.247574,891,1328.171813,-0.473937396,0.217529297,0.324260696,2019-04-27T21:18:19.757600Z,125.137505,0.030551149,FR,3,2019-04-27T21:18:03Z
2601.913681,0.635232832,255.7375258,-442,-2551.311255,0.062435919,-0.107910156,-0.622878724,2019-04-28T16:04:42.858100Z,137.7473745,0.03362973,FL,0,2019-04-28T16:04:29Z
10347.04489,2.526134007,2363,9313,3840,0.576904297,2.273681641,0.9375,2019-04-28T16:04:42.566700Z,154.4675461,0.037711803,NL,1,2019-04-28T16:04:29Z
8952.735504,2.185726441,-2888,-5255,-6648,-0.705078125,-1.282958984,-1.623046875,2019-04-28T16:04:42.081000Z,162.636473,0.03970617,NR,2,2019-04-28T16:04:29Z
2120.248913,0.517638895,1254.85646,-210,-1696.080988,0.30636144,-0.051269531,-0.414082272,2019-04-28T16:04:42.824500Z,121.6544451,0.029700792,FR,3,2019-04-28T16:04:29Z
2700.850533,0.659387337,25.54607801,2097,1701.920092,0.006236835,0.511962891,0.415507835,2019-04-28T16:08:43.613100Z,137.5417448,0.033579528,FL,0,2019-04-28T16:08:24Z
9187.037009,2.242928957,-410,-8710,-2893,-0.100097656,-2.126464844,-0.706298828,2019-04-28T16:08:42.881700Z,158.8886279,0.038791169,NL,1,2019-04-28T16:08:24Z
6918.343443,1.689048692,-2186,-6424,1348,-0.533691406,-1.568359375,0.329101563,2019-04-28T16:08:43.106000Z,155.0470529,0.037853284,NR,2,2019-04-28T16:08:24Z
1998.724648,0.487969885,-537.2881304,1008,1640.170017,-0.13117386,0.24609375,0.400432133,2019-04-28T16:08:43.564500Z,121.6273729,0.029694183,FR,3,2019-04-28T16:08:24Z
2207.884115,0.539034208,368.3720451,2173,-130.86368,0.089934581,0.530517578,-0.031949141,2019-04-28T16:13:33.053100Z,139.7440137,0.034117191,FL,0,2019-04-28T16:13:15Z
10312.04863,2.517589998,1231,10125,1519,0.300537109,2.471923828,0.370849609,2019-04-28T16:13:32.516700Z,156.1899131,0.038132303,NL,1,2019-04-28T16:13:15Z
7497.005802,1.830323682,-7306,334,1648,-1.783691406,0.081542969,0.40234375,2019-04-28T16:13:32.546000Z,160.6060014,0.03921045,NR,2,2019-04-28T16:13:15Z
2490.321535,0.607988656,-1074.684964,-177,2239.514362,-0.262374259,-0.043212891,0.546756436,2019-04-28T16:13:33.334500Z,119.280337,0.029121176,FR,3,2019-04-28T16:13:15Z
3072.091684,0.750022384,-1194.575813,1279,2524.85543,-0.291644486,0.312255859,0.616419783,2019-04-28T16:18:26.618100Z,139.7538701,0.034119597,FL,0,2019-04-28T16:18:06Z
8756.39001,2.13779053,-2691,-7929,-2562,-0.656982422,-1.935791016,-0.625488281,2019-04-28T16:18:25.991700Z,159.4181526,0.038920447,NL,1,2019-04-28T16:18:06Z
6459.468167,1.577018595,-5272,-3448,1429,-1.287109375,-0.841796875,0.348876953,2019-04-28T16:18:26.221000Z,138.4836199,0.033809478,NR,2,2019-04-28T16:18:06Z
914.0684258,0.223161237,-904.2177994,1,133.829213,-0.220756299,0.000244141,0.032673148,2019-04-28T16:18:26.909500Z,111.358062,0.027187027,FR,3,2019-04-28T16:18:06Z
2361.923158,0.576641396,11.4263501,-849,2204.030273,0.002789636,-0.207275391,0.538093328,2019-04-28T18:19:42.558100Z,140.0997182,0.034204033,FL,0,2019-04-28T18:19:26Z
8764.089742,2.139670347,351,8732,662,0.085693359,2.131835938,0.161621094,2019-04-28T18:19:42.194400Z,149.4796445,0.036494054,NL,1,2019-04-28T18:19:26Z
10468.72093,2.555840072,-1363,3318,-9835,-0.332763672,0.810058594,-2.401123047,2019-04-28T18:19:42.387200Z,157.7974529,0.038524769,NR,2,2019-04-28T18:19:26Z
2604.734645,0.635921544,150.0177823,186,2593.750419,0.036625435,0.045410156,0.633239848,2019-04-28T18:19:42.677600Z,120.7971994,0.029491504,FR,3,2019-04-28T18:19:26Z
2594.792675,0.633494305,1401.045558,2129,487.2159391,0.342052138,0.519775391,0.118949204,2019-04-28T18:24:42.103100Z,136.9300652,0.033430192,FL,0,2019-04-28T18:24:28Z
11772.48912,2.874142851,194,7770,-8842,0.047363281,1.896972656,-2.158691406,2019-04-28T18:24:41.959400Z,159.151543,0.038855357,NL,1,2019-04-28T18:24:28Z
7606.843301,1.857139478,-335,7044,-2852,-0.081787109,1.719726563,-0.696289063,2019-04-28T18:24:41.527200Z,150.3911174,0.036716581,NR,2,2019-04-28T18:24:28Z
2612.378252,0.637787659,1349.171103,-1071,-1963.979753,0.329387476,-0.261474609,-0.479487244,2019-04-28T18:24:42.267600Z,116.908691,0.028542161,FR,3,2019-04-28T18:24:28Z
2137.019458,0.521733266,-409.6207005,2044,-470.241475,-0.100005054,0.499023438,-0.114805048,2019-04-28T20:23:28.863900Z,135.2551043,0.033021266,FL,0,2019-04-28T20:23:19Z
8572.43361,2.092879299,-1471,8259,1764,-0.359130859,2.016357422,0.430664063,2019-04-28T20:23:28.612200Z,148.6423977,0.036289648,NL,1,2019-04-28T20:23:19Z
7451.003355,1.819092616,-1849,-3013,-6559,-0.451416016,-0.735595703,-1.601318359,2019-04-28T20:23:28.342700Z,161.5694836,0.039445675,NR,2,2019-04-28T20:23:19Z
2391.170586,0.583781881,1843.553859,-1320,759.3457312,0.450086391,-0.322265625,0.185387141,2019-04-28T20:23:28.990300Z,126.6659544,0.030924305,FR,3,2019-04-28T20:23:19Z
2849.095438,0.695579941,-1803.910763,1750,1341.920555,-0.440407901,0.427246094,0.327617323,2019-04-28T16:23:36.048100Z,145.9419871,0.035630368,FL,0,2019-04-28T16:23:15Z
9624.521599,2.349736718,110,9370,2196,0.026855469,2.287597656,0.536132813,2019-04-28T16:23:35.981700Z,164.3879282,0.040133772,NL,1,2019-04-28T16:23:15Z
6648.852683,1.62325505,-456,-6615,-491,-0.111328125,-1.614990234,-0.119873047,2019-04-28T16:23:35.721000Z,161.814448,0.03950548,NR,2,2019-04-28T16:23:15Z
3346.313938,0.816971176,2154.117869,-1383,-2155.203976,0.525907683,-0.337646484,-0.526172846,2019-04-28T16:23:36.309500Z,122.3676443,0.029874913,FR,3,2019-04-28T16:23:15Z
2872.146031,0.701207527,2336.536945,1364,964.0134492,0.57044359,0.333007813,0.235354846,2019-04-28T16:27:00.468100Z,142.1677428,0.034708922,FL,0,2019-04-28T16:26:41Z
6805.077222,1.661395806,-460,-6624,-1490,-0.112304688,-1.6171875,-0.363769531,2019-04-28T16:27:00.556700Z,150.7193459,0.036796715,NL,1,2019-04-28T16:26:41Z
3585.742461,0.875425406,772,2942,-1899,0.188476563,0.718261719,-0.463623047,2019-04-28T16:26:59.876000Z,126.2562143,0.030824271,NR,2,2019-04-28T16:26:41Z
1148.280694,0.280341966,903.6777872,115,-699.063666,0.22062446,0.028076172,-0.17066984,2019-04-28T16:27:00.659500Z,112.4594478,0.02745592,FR,3,2019-04-28T16:26:41Z
2366.819785,0.577836862,240.1110403,2302,-494.9531122,0.058620859,0.562011719,-0.120838162,2019-04-28T16:31:13.593100Z,139.9531132,0.034168241,FL,0,2019-04-28T16:30:52Z
8109.735261,1.979915835,-1066,-8039,77,-0.260253906,-1.962646484,0.018798828,2019-04-28T16:31:12.821700Z,158.4870322,0.038693123,NL,1,2019-04-28T16:30:52Z
5352.886885,1.30685715,1207,-4593,-2470,0.294677734,-1.121337891,-0.603027344,2019-04-28T16:31:12.531000Z,146.220745,0.035698424,NR,2,2019-04-28T16:30:52Z
2860.366742,0.698331724,1721.1339,-1297,-1880.741077,0.420198706,-0.316650391,-0.459165302,2019-04-28T16:31:13.144500Z,120.7438498,0.029478479,FR,3,2019-04-28T16:30:52Z
3482.072664,0.850115397,511.7279766,856,-3336.199712,0.124933588,0.208984375,-0.814501883,2019-04-28T16:35:21.298100Z,141.6739938,0.034588377,FL,0,2019-04-28T16:35:00Z
8391.842289,2.048789621,1576,7621,3140,0.384765625,1.860595703,0.766601563,2019-04-28T16:35:21.016700Z,149.8365836,0.036581197,NL,1,2019-04-28T16:35:00Z
6443.445972,1.573106927,4178,3946,-2914,1.020019531,0.963378906,-0.711425781,2019-04-28T16:35:20.781000Z,145.5218391,0.035527793,NR,2,2019-04-28T16:35:00Z
1295.673719,0.316326592,1100.761127,-586,-351.7091537,0.268740509,-0.143066406,-0.085866493,2019-04-28T16:35:20.804500Z,114.1299414,0.027863755,FR,3,2019-04-28T16:35:00Z
3031.393591,0.740086326,104.2250582,-3021,228.1298705,0.025445571,-0.737548828,0.055695769,2019-04-28T18:28:22.343100Z,141.799681,0.034619063,FL,0,2019-04-28T18:28:04Z
10043.33729,2.451986644,3932,-8384,-3888,0.959960938,-2.046875,-0.94921875,2019-04-28T18:28:21.909400Z,166.1366911,0.040560716,NL,1,2019-04-28T18:28:04Z
9080.523168,2.216924602,2029,-1974,-8628,0.495361328,-0.481933594,-2.106445313,2019-04-28T18:28:21.842200Z,172.6028185,0.04213936,NR,2,2019-04-28T18:28:04Z
2670.823115,0.652056425,-1023.772278,981,2263.365953,-0.249944404,0.239501953,0.552579578,2019-04-28T18:28:22.402600Z,124.1128287,0.030300984,FR,3,2019-04-28T18:28:04Z
3070.832245,0.749714903,1203.013168,-1516,-2384.221884,0.293704387,-0.370117188,-0.582085421,2019-04-28T18:32:09.358100Z,139.7735941,0.034124413,FL,0,2019-04-28T18:31:52Z
7279.267614,1.777164945,-1577,5518,-4478,-0.385009766,1.347167969,-1.093261719,2019-04-28T18:32:08.919400Z,159.5315789,0.038948139,NL,1,2019-04-28T18:31:52Z
6990.169883,1.706584444,1873,-4739,-4785,0.457275391,-1.156982422,-1.168212891,2019-04-28T18:32:08.872200Z,167.1063412,0.040797447,NR,2,2019-04-28T18:31:52Z
2341.990866,0.571775114,-1823.005235,625,1330.769749,-0.445069638,0.152587891,0.324894958,2019-04-28T18:32:08.927600Z,124.4341911,0.030379441,FR,3,2019-04-28T18:31:52Z
2174.128897,0.530793188,-1782.058893,1156,-463.4291332,-0.435072972,0.282226563,-0.113141878,2019-04-28T20:18:23.718900Z,140.1282709,0.034211004,FL,0,2019-04-28T20:18:06Z
8434.085368,2.059102873,-5208,6634,24,-1.271484375,1.619628906,0.005859375,2019-04-28T20:18:23.262200Z,160.6065675,0.039210588,NL,1,2019-04-28T20:18:06Z
7879.629496,1.92373767,79,-6592,-4316,0.019287109,-1.609375,-1.053710938,2019-04-28T20:18:23.682700Z,169.5052263,0.041383112,NR,2,2019-04-28T20:18:06Z
2806.774726,0.685247736,-2365.643077,-422,1450.390703,-0.577549579,-0.103027344,0.354099293,2019-04-28T20:18:23.730300Z,127.9673893,0.031242038,FR,3,2019-04-28T20:18:06Z
1126.406247,0.275001525,295.2386744,423,-1001.347172,0.072079755,0.103271484,-0.244469524,2019-04-28T17:17:46.533200Z,123.9886488,0.030270666,FL,0,2019-04-28T17:17:36Z
4781.143169,1.167271281,364,-4765,147,0.088867188,-1.163330078,0.035888672,2019-04-28T17:17:45.885100Z,105.1916822,0.025681563,NL,1,2019-04-28T17:17:36Z
643.6101304,0.15713138,-63,-603,-216,-0.015380859,-0.147216797,-0.052734375,2019-04-28T17:17:46.627300Z,91.48957935,0.022336323,NR,2,2019-04-28T17:17:36Z
256.7048334,0.062672078,-23.94368497,1,-255.5837856,-0.005845626,0.000244141,-0.062398385,2019-04-28T17:17:47.118800Z,104.0475254,0.025402228,FR,3,2019-04-28T17:17:36Z
974.0028929,0.237793675,-14.28292451,-164,-959.990434,-0.003487042,-0.040039063,-0.234372665,2019-04-28T17:20:16.158200Z,123.9590196,0.030263433,FL,0,2019-04-28T17:19:58Z
8738.910344,2.133523033,192,-7453,-4559,0.046875,-1.819580078,-1.113037109,2019-04-28T17:20:15.655100Z,107.9777733,0.026361761,NL,1,2019-04-28T17:19:58Z
849.9352917,0.207503733,71,318,-785,0.017333984,0.077636719,-0.191650391,2019-04-28T17:20:15.692300Z,94.35705135,0.023036389,NR,2,2019-04-28T17:19:58Z
359.3856091,0.087740627,97.40099294,-42,-343.3759785,0.023779539,-0.010253906,-0.083832026,2019-04-28T17:20:16.763800Z,104.5967081,0.025536306,FR,3,2019-04-28T17:19:58Z
720.6534164,0.175940775,-70.6681138,-613,-372.2611507,-0.017252957,-0.149658203,-0.09088407,2019-04-28T17:23:53.823200Z,121.2566153,0.029603666,FL,0,2019-04-28T17:23:34Z
6142.878153,1.499726112,-906,-5496,-2590,-0.221191406,-1.341796875,-0.632324219,2019-04-28T17:23:51.650100Z,118.2304094,0.028864846,NL,1,2019-04-28T17:23:34Z
758.9426856,0.185288742,283,704,-17,0.069091797,0.171875,-0.004150391,2019-04-28T17:23:51.862300Z,93.09582087,0.022728472,NR,2,2019-04-28T17:23:34Z
226.4243184,0.055279375,6.803616991,-38,-223.1091274,0.001661039,-0.009277344,-0.054470002,2019-04-28T17:23:53.753800Z,104.280284,0.025459054,FR,3,2019-04-28T17:23:34Z
1428.327957,0.34871288,499.7803436,1325,186.3205868,0.122016685,0.323486328,0.045488425,2019-04-28T17:26:41.898200Z,122.6379277,0.0299409,FL,0,2019-04-28T17:26:25Z
5256.959387,1.28343735,223,4882,1937,0.054443359,1.191894531,0.472900391,2019-04-28T17:26:41.770100Z,104.5702672,0.02552985,NL,1,2019-04-28T17:26:25Z
893.1634789,0.21805749,64,-842,291,0.015625,-0.205566406,0.071044922,2019-04-28T17:26:41.987300Z,94.74074878,0.023130066,NR,2,2019-04-28T17:26:25Z
258.4152983,0.063089672,-22.31995207,-13,-257.1211507,-0.005449207,-0.003173828,-0.062773718,2019-04-28T17:26:42.748800Z,104.4526589,0.025501137,FR,3,2019-04-28T17:26:25Z
927.5515553,0.226453016,220.0597232,572,-696.233873,0.053725518,0.139648438,-0.169978973,2019-04-28T19:49:38.691200Z,121.5651751,0.029678998,FL,0,2019-04-28T19:49:26Z
4197.589189,1.024802048,131,-4095,-913,0.031982422,-0.999755859,-0.222900391,2019-04-28T19:49:38.316600Z,118.7339391,0.028987778,NL,1,2019-04-28T19:49:26Z
649.9915384,0.15868934,-118,-638,-39,-0.028808594,-0.155761719,-0.009521484,2019-04-28T19:49:38.696300Z,92.52272473,0.022588556,NR,2,2019-04-28T19:49:26Z
242.6850119,0.05924927,-2.848961551,-81,-228.7507343,-0.000695547,-0.019775391,-0.055847347,2019-04-28T19:49:38.687500Z,108.1215178,0.026396855,FR,3,2019-04-28T19:49:26Z
1222.87255,0.298552869,-23.67285806,8,-1222.617221,-0.005779506,0.001953125,-0.298490532,2019-04-28T19:52:20.786200Z,120.5477641,0.029430606,FL,0,2019-04-28T19:52:05Z
6349.418714,1.550151053,-431,-5379,-3346,-0.105224609,-1.313232422,-0.816894531,2019-04-28T19:52:20.006600Z,108.6473715,0.026525237,NL,1,2019-04-28T19:52:05Z
827.8405644,0.202109513,-574,-562,-200,-0.140136719,-0.137207031,-0.048828125,2019-04-28T19:52:20.556300Z,94.9919122,0.023191385,NR,2,2019-04-28T19:52:05Z
266.3474838,0.065026241,20.65370725,-73,-255.3143289,0.005042409,-0.017822266,-0.0623326,2019-04-28T19:52:20.902500Z,108.4568301,0.026478718,FR,3,2019-04-28T19:52:05Z
373.4130409,0.091165293,-22.56760342,-28,-371.6772826,-0.005509669,-0.006835938,-0.090741524,2019-04-28T17:12:30.108200Z,118.5402595,0.028940493,FL,0,2019-04-28T17:12:11Z
624.3828953,0.15243723,-51,-73,-618,-0.012451172,-0.017822266,-0.150878906,2019-04-28T17:12:28.850100Z,74.27320747,0.018133107,NL,1,2019-04-28T17:12:11Z
2582.967286,0.630607248,1258,984,2030,0.307128906,0.240234375,0.495605469,2019-04-28T17:12:28.067300Z,127.6943258,0.031175373,NR,2,2019-04-28T17:12:11Z
1021.801829,0.249463337,108.6183644,122,-1008.661008,0.026518155,0.029785156,-0.246255129,2019-04-28T17:12:28.543800Z,109.0764555,0.026629994,FR,3,2019-04-28T17:12:11Z
347.0955182,0.084740117,42.37481069,86,-333.5920775,0.010345413,0.020996094,-0.081443378,2019-04-28T17:15:01.878200Z,117.5641497,0.028702185,FL,0,2019-04-28T17:14:44Z
724.8924058,0.176975685,205,540,-438,0.050048828,0.131835938,-0.106933594,2019-04-28T17:15:01.155100Z,75.28164137,0.018379307,NL,1,2019-04-28T17:14:44Z
3060.161107,0.747109645,-579,-2999,-188,-0.141357422,-0.732177734,-0.045898438,2019-04-28T17:15:00.697300Z,167.3370425,0.04085377,NR,2,2019-04-28T17:14:44Z
925.3736066,0.225921291,263.1356356,36,-886.4422988,0.064242099,0.008789063,-0.216416577,2019-04-28T17:15:00.978800Z,108.6389477,0.026523181,FR,3,2019-04-28T17:14:44Z