maxVmag_counts,maxVmag_g,xValue_counts,yValue_counts,zValue_counts,xValue_g,yValue_g,zValue_g,maxVmagTime,meanVmag_counts,meanVmag_g,sta,staIndex,startTimeFile,Category,Round,Heat,Day
124.2750329,0.030340584,37.82483507,9,-118.0362895,0.009234579,0.002197266,-0.028817453,2019-10-11T23:59:55.820800Z,105.5302581,0.025764223,FL,0,2019-10-12T00:00:01Z,Funny Car,Q2,Heat 1,Friday
203.6197436,0.049711851,-54,36,-193,-0.013183594,0.008789063,-0.047119141,2019-10-11T23:59:55.311800Z,85.00441685,0.020753031,NL,1,2019-10-12T00:00:01Z,Funny Car,Q2,Heat 1,Friday
133.2715427,0.032536998,-106.2936071,-18,-78.35159962,-0.025950588,-0.004394531,-0.019128809,2019-10-12T00:00:00.418100Z,71.57835145,0.017475183,FL0,2,2019-10-12T00:00:01Z,Funny Car,Q2,Heat 1,Friday
198.8566037,0.048548976,138.7450255,134,-48.35045762,0.033873297,0.032714844,-0.011804311,2019-10-11T23:59:59.455800Z,178.6764759,0.043622187,FL60,3,2019-10-12T00:00:01Z,Funny Car,Q2,Heat 1,Friday
134.3655265,0.032804084,13.55866036,-44,-126.2309686,0.00331022,-0.010742188,-0.030818108,2019-10-12T00:00:00.217900Z,115.9982066,0.028319875,FL330,4,2019-10-12T00:00:01Z,Funny Car,Q2,Heat 1,Friday
104.7549122,0.02557493,-81.41940668,-55,-36.32453511,-0.019877785,-0.013427734,-0.008868295,2019-10-11T23:59:55.389900Z,88.21342642,0.021536481,FL660,5,2019-10-12T00:00:01Z,Funny Car,Q2,Heat 1,Friday
187.8406536,0.045859535,-162.4264142,44,-83.46119521,-0.039654886,0.010742188,-0.020376268,2019-10-11T23:59:53.574400Z,169.1151315,0.041287874,FL1K,6,2019-10-12T00:00:01Z,Funny Car,Q2,Heat 1,Friday
1795.059943,0.438247056,1731.517025,-305,-362.0276123,0.422733649,-0.074462891,-0.088385648,2019-10-12T18:07:42.219600Z,115.3720235,0.028166998,FL,0,2019-10-12T18:07:21Z,Top Fuel ,Q3,Heat 2,Saturday
3446.941543,0.841538463,-1941,-2801,-518,-0.473876953,-0.683837891,-0.126464844,2019-10-12T18:07:41.872500Z,106.2465427,0.025939097,NL,1,2019-10-12T18:07:21Z,Top Fuel ,Q3,Heat 2,Saturday
2821.570007,0.688859865,-1843.03211,-2077,500.5606316,-0.449959011,-0.507080078,0.122207185,2019-10-12T18:07:42.175500Z,88.3697006,0.021574634,FL0,2,2019-10-12T18:07:21Z,Top Fuel ,Q3,Heat 2,Saturday
1948.106794,0.47561201,-1032.146853,847,1418.585195,-0.251988978,0.206787109,0.346334276,2019-10-12T18:07:42.645500Z,190.572213,0.046526419,FL60,3,2019-10-12T18:07:21Z,Top Fuel ,Q3,Heat 2,Saturday
2940.879487,0.717988156,-2711.697885,344,-1084.956562,-0.662035616,0.083984375,-0.264881973,2019-10-12T18:07:43.880700Z,124.2976872,0.030346115,FL330,4,2019-10-12T18:07:21Z,Top Fuel ,Q3,Heat 2,Saturday
261.5429294,0.063853254,-249.1130811,-77,20.45425977,-0.060818623,-0.018798828,0.004993716,2019-10-12T18:07:44.309500Z,83.40530753,0.020362624,FL660,5,2019-10-12T18:07:21Z,Top Fuel ,Q3,Heat 2,Saturday
228.620748,0.055815612,-218.1239312,31,-61.06060137,-0.053252913,0.007568359,-0.014907373,2019-10-12T18:07:44.489200Z,165.8211894,0.040483689,FL1K,6,2019-10-12T18:07:21Z,Top Fuel ,Q3,Heat 2,Saturday
1808.515715,0.441532157,-1709.823802,217,547.8527719,-0.417437452,0.052978516,0.133753118,2019-10-12T18:16:00.469600Z,113.2795755,0.027656146,FL,0,2019-10-12T18:15:38Z,Top Fuel ,Q3,Heat 3,Saturday
3990.962165,0.974355997,-1093,3153,-2189,-0.266845703,0.769775391,-0.534423828,2019-10-12T18:15:59.717500Z,108.1366151,0.026400541,NL,1,2019-10-12T18:15:38Z,Top Fuel ,Q3,Heat 3,Saturday
1534.144868,0.374547087,-1308.643894,687,-411.1965915,-0.319493138,0.167724609,-0.100389793,2019-10-12T18:16:00.075500Z,82.1771917,0.020062791,FL0,2,2019-10-12T18:15:38Z,Top Fuel ,Q3,Heat 3,Saturday
2278.565063,0.556290299,-213.4875878,2252,-273.4552913,-0.052120993,0.549804688,-0.066761546,2019-10-12T18:16:00.930500Z,188.2082763,0.045949286,FL60,3,2019-10-12T18:15:38Z,Top Fuel ,Q3,Heat 3,Saturday
778.6584709,0.190102166,-719.0423082,-222,200.0079328,-0.175547439,-0.054199219,0.048830062,2019-10-12T18:16:01.950700Z,120.3240286,0.029375984,FL330,4,2019-10-12T18:15:38Z,Top Fuel ,Q3,Heat 3,Saturday
777.4734891,0.189812864,514.1867837,-543,-212.6687044,0.125533883,-0.132568359,-0.05192107,2019-10-12T18:16:02.664500Z,85.58755475,0.020895399,FL660,5,2019-10-12T18:15:38Z,Top Fuel ,Q3,Heat 3,Saturday
1044.887019,0.25509937,-784.4888534,-126,-678.5942238,-0.191525599,-0.030761719,-0.165672418,2019-10-12T18:16:03.249200Z,167.029568,0.040778703,FL1K,6,2019-10-12T18:15:38Z,Top Fuel ,Q3,Heat 3,Saturday
1748.863176,0.426968549,-1575.599696,708,273.3935047,-0.384667894,0.172851563,0.066746461,2019-10-12T18:18:52.599600Z,114.3533607,0.027918301,FL,0,2019-10-12T18:18:30Z,Top Fuel ,Q3,Heat 4,Saturday
3257.284912,0.795235574,-2398,-1949,-1030,-0.585449219,-0.475830078,-0.251464844,2019-10-12T18:18:51.992500Z,109.3309555,0.026692128,NL,1,2019-10-12T18:18:30Z,Top Fuel ,Q3,Heat 4,Saturday
2824.27213,0.689519563,2634.443754,-785,648.0695725,0.643174745,-0.191650391,0.15822011,2019-10-12T18:18:52.090500Z,87.86925351,0.021452454,FL0,2,2019-10-12T18:18:30Z,Top Fuel ,Q3,Heat 4,Saturday
2065.612333,0.504299886,1954.548579,121,657.1553575,0.477184712,0.029541016,0.16043832,2019-10-12T18:18:53.125500Z,189.3597644,0.046230411,FL60,3,2019-10-12T18:18:30Z,Top Fuel ,Q3,Heat 4,Saturday
1416.986313,0.345943924,976.6364318,-993,-260.7345229,0.238436629,-0.242431641,-0.063655889,2019-10-12T18:18:54.090700Z,123.3255956,0.030108788,FL330,4,2019-10-12T18:18:30Z,Top Fuel ,Q3,Heat 4,Saturday
1254.481753,0.306269959,146.3072497,-1044,679.9872475,0.035719543,-0.254882813,0.166012512,2019-10-12T18:18:55.154500Z,87.74482621,0.021422077,FL660,5,2019-10-12T18:18:30Z,Top Fuel ,Q3,Heat 4,Saturday
1446.065747,0.353043395,-1239.614403,-225,-709.8149589,-0.302640235,-0.054931641,-0.173294668,2019-10-12T18:18:55.689200Z,168.8530548,0.04122389,FL1K,6,2019-10-12T18:18:30Z,Top Fuel ,Q3,Heat 4,Saturday
2332.515713,0.569461844,1857.708744,-1366,-351.5562199,0.453542174,-0.333496094,-0.085829155,2019-10-12T18:21:36.514600Z,116.1673424,0.028361168,FL,0,2019-10-12T18:21:15Z,Top Fuel ,Q3,Heat 5,Saturday
4935.295027,1.204906012,925,4454,-1914,0.225830078,1.087402344,-0.467285156,2019-10-12T18:21:36.097500Z,109.3617102,0.026699636,NL,1,2019-10-12T18:21:15Z,Top Fuel ,Q3,Heat 5,Saturday
2838.254594,0.692933251,2455.998877,-1208,751.328596,0.599609101,-0.294921875,0.183429833,2019-10-12T18:21:35.885500Z,88.0504604,0.021496694,FL0,2,2019-10-12T18:21:15Z,Top Fuel ,Q3,Heat 5,Saturday
2716.066339,0.663102134,-2076.424441,1646,-596.7930124,-0.506939561,0.401855469,-0.145701419,2019-10-12T18:21:36.865500Z,189.8116992,0.046340747,FL60,3,2019-10-12T18:21:15Z,Top Fuel ,Q3,Heat 5,Saturday
1380.899732,0.337133724,-1221.763785,471,-438.561654,-0.298282174,0.114990234,-0.107070716,2019-10-12T18:21:38.180700Z,123.4440168,0.030137699,FL330,4,2019-10-12T18:21:15Z,Top Fuel ,Q3,Heat 5,Saturday
1546.006752,0.377443055,-174.5944649,-903,1242.676406,-0.042625602,-0.220458984,0.303387795,2019-10-12T18:21:38.959500Z,88.71698223,0.021659419,FL660,5,2019-10-12T18:21:15Z,Top Fuel ,Q3,Heat 5,Saturday
1994.055304,0.486829908,1141.95631,1362,903.9625785,0.278797927,0.332519531,0.220693989,2019-10-12T18:21:39.639200Z,167.4292895,0.040876291,FL1K,6,2019-10-12T18:21:15Z,Top Fuel ,Q3,Heat 5,Saturday
1891.777668,0.461859782,-1826.369573,-337,-360.0387873,-0.445891009,-0.082275391,-0.087900095,2019-10-12T18:24:18.254600Z,115.8512026,0.028283985,FL,0,2019-10-12T18:23:56Z,Top Fuel ,Q3,Heat 6,Saturday
4455.015151,1.087650183,1002,3660,-2334,0.244628906,0.893554688,-0.569824219,2019-10-12T18:24:17.497500Z,113.9013122,0.027807938,NL,1,2019-10-12T18:23:56Z,Top Fuel ,Q3,Heat 6,Saturday
2752.826426,0.672076764,-2074.918226,1761,-414.3026529,-0.506571833,0.429931641,-0.101148109,2019-10-12T18:24:17.490500Z,89.57845,0.021869739,FL0,2,2019-10-12T18:23:56Z,Top Fuel ,Q3,Heat 6,Saturday
2398.553561,0.585584366,2285.451794,-719,113.1736832,0.55797163,-0.175537109,0.027630294,2019-10-12T18:24:18.650500Z,190.2551584,0.046449013,FL60,3,2019-10-12T18:23:56Z,Top Fuel ,Q3,Heat 6,Saturday
1841.2191,0.449516382,1670.519831,-772,-58.88351736,0.407841756,-0.188476563,-0.014375859,2019-10-12T18:24:19.710700Z,123.8782292,0.030243708,FL330,4,2019-10-12T18:23:56Z,Top Fuel ,Q3,Heat 6,Saturday
1684.03152,0.411140508,-1628.605735,25,-427.7622268,-0.397608822,0.006103516,-0.104434137,2019-10-12T18:24:20.454500Z,88.61227148,0.021633855,FL660,5,2019-10-12T18:23:56Z,Top Fuel ,Q3,Heat 6,Saturday
2059.616039,0.502835947,713.307716,891,1714.447238,0.174147392,0.217529297,0.41856622,2019-10-12T18:24:21.199200Z,168.0282041,0.041022511,FL1K,6,2019-10-12T18:23:56Z,Top Fuel ,Q3,Heat 6,Saturday
2147.972923,0.524407452,2129.442203,-208,-189.7355565,0.51988335,-0.05078125,-0.046322157,2019-10-12T18:27:16.329600Z,114.7255858,0.028009176,FL,0,2019-10-12T18:26:54Z,Top Fuel ,Q3,Heat 7,Saturday
3575.680215,0.872968802,-1832,-1068,2879,-0.447265625,-0.260742188,0.702880859,2019-10-12T18:27:15.647500Z,106.2127514,0.025930848,NL,1,2019-10-12T18:26:54Z,Top Fuel ,Q3,Heat 7,Saturday
2049.267812,0.500309524,1323.983952,-1551,202.395805,0.323238269,-0.378662109,0.049413038,2019-10-12T18:27:16.135500Z,87.37515346,0.021331825,FL0,2,2019-10-12T18:26:54Z,Top Fuel ,Q3,Heat 7,Saturday
2395.286765,0.584786808,-526.6503486,2229,-701.1398541,-0.128576745,0.544189453,-0.171176722,2019-10-12T18:27:16.655500Z,189.1962516,0.046190491,FL60,3,2019-10-12T18:26:54Z,Top Fuel ,Q3,Heat 7,Saturday
2300.97715,0.561762,-1754.23057,469,-1413.226788,-0.428278948,0.114501953,-0.345026071,2019-10-12T18:27:17.945700Z,123.0745095,0.030047488,FL330,4,2019-10-12T18:26:54Z,Top Fuel ,Q3,Heat 7,Saturday
1056.88965,0.2580297,-643.1101139,-709,-448.0447671,-0.157009305,-0.173095703,-0.109385929,2019-10-12T18:27:18.759500Z,86.05851299,0.021010379,FL660,5,2019-10-12T18:26:54Z,Top Fuel ,Q3,Heat 7,Saturday
2571.312464,0.627761832,-820.9187229,-951,-2243.510472,-0.20041961,-0.232177734,-0.547732049,2019-10-12T18:27:19.494200Z,167.3827987,0.040864941,FL1K,6,2019-10-12T18:26:54Z,Top Fuel ,Q3,Heat 7,Saturday
1877.125266,0.458282536,1810.167944,-120,-482.1734942,0.441935533,-0.029296875,-0.117718138,2019-10-12T18:29:54.799600Z,115.6763235,0.02824129,FL,0,2019-10-12T18:29:33Z,Top Fuel ,Q3,Heat 8,Saturday
4182.654779,1.021155952,-724,-2768,3051,-0.176757813,-0.67578125,0.744873047,2019-10-12T18:29:53.937500Z,107.6440054,0.026280275,NL,1,2019-10-12T18:29:33Z,Top Fuel ,Q3,Heat 8,Saturday
1996.472192,0.487419969,-1173.248781,1604,-191.2394058,-0.286437691,0.391601563,-0.046689308,2019-10-12T18:29:54.220500Z,86.17058551,0.021037741,FL0,2,2019-10-12T18:29:33Z,Top Fuel ,Q3,Heat 8,Saturday
2122.738607,0.51824673,1949.504916,-810,-222.1480949,0.475953349,-0.197753906,-0.054235375,2019-10-12T18:29:55.035500Z,189.3008567,0.046216029,FL60,3,2019-10-12T18:29:33Z,Top Fuel ,Q3,Heat 8,Saturday
2079.813112,0.507766873,-2065.839253,-236,-47.2732641,-0.504355286,-0.057617188,-0.011541324,2019-10-12T18:29:56.345700Z,123.6314765,0.030183466,FL330,4,2019-10-12T18:29:33Z,Top Fuel ,Q3,Heat 8,Saturday
1394.717565,0.340507218,-1189.589643,-468,-557.7540389,-0.290427159,-0.114257813,-0.13617042,2019-10-12T18:29:57.174500Z,88.19593093,0.02153221,FL660,5,2019-10-12T18:29:33Z,Top Fuel ,Q3,Heat 8,Saturday
2062.875587,0.503631735,1818.192886,-233,946.2247697,0.443894748,-0.056884766,0.231011907,2019-10-12T18:29:57.849200Z,169.0812435,0.0412796,FL1K,6,2019-10-12T18:29:33Z,Top Fuel ,Q3,Heat 8,Saturday
1565.576713,0.382220877,910.64062,-158,-1263.645562,0.22232437,-0.038574219,-0.308507217,2019-10-12T18:32:33.804600Z,115.0281618,0.028083047,FL,0,2019-10-12T18:32:12Z,Top Fuel ,Q3,Heat 9,Saturday
4038.273641,0.985906651,1842,-3491,853,0.449707031,-0.852294922,0.208251953,2019-10-12T18:32:33.217500Z,110.0974342,0.026879256,NL,1,2019-10-12T18:32:12Z,Top Fuel ,Q3,Heat 9,Saturday
2069.534046,0.505257335,1716.053374,-1136,218.2566934,0.418958343,-0.27734375,0.053285326,2019-10-12T18:32:33.225500Z,86.00112489,0.020996368,FL0,2,2019-10-12T18:32:12Z,Top Fuel ,Q3,Heat 9,Saturday
3506.813716,0.856155692,-2912.868663,1800,756.9270707,-0.711149576,0.439453125,0.184796648,2019-10-12T18:32:34.220500Z,189.5150351,0.046268319,FL60,3,2019-10-12T18:32:12Z,Top Fuel ,Q3,Heat 9,Saturday
3177.71969,0.775810471,-3027.517522,87,-961.4941929,-0.73914002,0.021240234,-0.234739793,2019-10-12T18:32:35.525700Z,122.5370616,0.029916275,FL330,4,2019-10-12T18:32:12Z,Top Fuel ,Q3,Heat 9,Saturday
217.9963959,0.053221776,-190.3132252,59,88.44379533,-0.04646319,0.014404297,0.021592723,2019-10-12T18:32:35.744500Z,83.12912707,0.020295197,FL660,5,2019-10-12T18:32:12Z,Top Fuel ,Q3,Heat 9,Saturday
229.0746163,0.05592642,-195.840765,34,-113.866477,-0.047812687,0.008300781,-0.027799433,2019-10-12T18:32:35.069200Z,165.7427578,0.04046454,FL1K,6,2019-10-12T18:32:12Z,Top Fuel ,Q3,Heat 9,Saturday
965.4594232,0.235707867,-957.3924766,119,-36.74974339,-0.233738398,0.029052734,-0.008972105,2019-10-12T18:36:21.579600Z,110.3106985,0.026931323,FL,0,2019-10-12T18:36:00Z,Funny Car,Q3,Heat 1,Saturday
1724.467608,0.4210126,-1695.282498,175,-263.0224038,-0.413887329,0.042724609,-0.064214454,2019-10-12T21:04:29.101600Z,113.7728746,0.027776581,FL,0,2019-10-12T21:04:09Z,Top Fuel ,Q4,Heat 1,Saturday
4098.914124,1.000711456,-600,-3211,2476,-0.146484375,-0.783935547,0.604492188,2019-10-12T21:04:28.542400Z,105.5726601,0.025774575,NL,1,2019-10-12T21:04:09Z,Top Fuel ,Q4,Heat 1,Saturday
2017.756935,0.492616439,-1806.034904,826,-356.7982237,-0.44092649,0.201660156,-0.087108941,2019-10-12T21:04:28.753500Z,84.97252427,0.020745245,FL0,2,2019-10-12T21:04:09Z,Top Fuel ,Q4,Heat 1,Saturday
1672.511273,0.408327948,247.0061178,800,1447.854253,0.060304228,0.1953125,0.353480042,2019-10-12T21:04:29.609900Z,187.7136526,0.045828528,FL60,3,2019-10-12T21:04:09Z,Top Fuel ,Q4,Heat 1,Saturday
1509.19109,0.368454856,-1162.452443,-128,-953.9277033,-0.283801866,-0.03125,-0.232892506,2019-10-12T21:04:30.835400Z,119.5948655,0.029197965,FL330,4,2019-10-12T21:04:09Z,Top Fuel ,Q4,Heat 1,Saturday
1293.441828,0.315781696,-777.2067106,-605,838.401152,-0.189747732,-0.147705078,0.204687781,2019-10-12T21:04:31.636200Z,84.69227826,0.020676826,FL660,5,2019-10-12T21:04:09Z,Top Fuel ,Q4,Heat 1,Saturday
2464.629748,0.601716247,-1795.145206,-970,-1382.372411,-0.438267873,-0.236816406,-0.337493264,2019-10-12T21:04:32.362700Z,167.8983741,0.040990814,FL1K,6,2019-10-12T21:04:09Z,Top Fuel ,Q4,Heat 1,Saturday
920.9399818,0.224838863,767.8899869,-367,-351.8329407,0.187473141,-0.089599609,-0.085896714,2019-10-12T21:07:09.676600Z,106.8007117,0.026074393,FL,0,2019-10-12T21:06:50Z,Top Fuel ,Q4,Heat 2,Saturday
2391.246328,0.583800373,169,2293,-657,0.041259766,0.559814453,-0.160400391,2019-10-12T21:07:09.057400Z,94.23414027,0.023006382,NL,1,2019-10-12T21:06:50Z,Top Fuel ,Q4,Heat 2,Saturday
1208.8251,0.295123315,1030.202181,-551,310.3878024,0.251514204,-0.134521484,0.075778272,2019-10-12T21:07:09.358500Z,75.31850615,0.018388307,FL0,2,2019-10-12T21:06:50Z,Top Fuel ,Q4,Heat 2,Saturday
1136.363971,0.27743261,1050.789051,312,299.7022613,0.256540296,0.076171875,0.073169497,2019-10-12T21:07:10.049900Z,182.2302602,0.04448981,FL60,3,2019-10-12T21:06:50Z,Top Fuel ,Q4,Heat 2,Saturday
1022.446762,0.249620792,1009.708672,-150,58.18745337,0.246510906,-0.036621094,0.014205921,2019-10-12T21:07:11.340400Z,118.5144037,0.028934181,FL330,4,2019-10-12T21:06:50Z,Top Fuel ,Q4,Heat 2,Saturday
813.9302899,0.19871345,708.637314,-170,362.5129984,0.173007157,-0.041503906,0.08850415,2019-10-12T21:07:12.051200Z,83.67189914,0.02042771,FL660,5,2019-10-12T21:06:50Z,Top Fuel ,Q4,Heat 2,Saturday
1487.262474,0.36310119,-1421.341347,-24,-437.2212727,-0.347007165,-0.005859375,-0.106743475,2019-10-12T21:07:12.837700Z,167.1118672,0.040798796,FL1K,6,2019-10-12T21:06:50Z,Top Fuel ,Q4,Heat 2,Saturday
1759.881734,0.429658626,-1654.57883,408,439.4184916,-0.40394991,0.099609375,0.107279905,2019-10-12T21:10:23.546600Z,114.7695014,0.028019898,FL,0,2019-10-12T21:10:03Z,Top Fuel ,Q4,Heat 3,Saturday
4666.564582,1.139297994,-1330,-3570,2695,-0.324707031,-0.871582031,0.657958984,2019-10-12T21:10:23.042400Z,108.2811002,0.026435815,NL,1,2019-10-12T21:10:03Z,Top Fuel ,Q4,Heat 3,Saturday
1691.166093,0.412882347,1132.29701,-1218,307.2820124,0.2764397,-0.297363281,0.075020023,2019-10-12T21:10:23.003500Z,84.72411786,0.020684599,FL0,2,2019-10-12T21:10:03Z,Top Fuel ,Q4,Heat 3,Saturday
1745.121887,0.426055148,1316.055188,1006,549.0110595,0.321302536,0.245605469,0.134035903,2019-10-12T21:10:24.179900Z,188.661611,0.046059964,FL60,3,2019-10-12T21:10:03Z,Top Fuel ,Q4,Heat 3,Saturday
1700.777363,0.415228848,-1632.706797,180,441.0353223,-0.398610058,0.043945313,0.107674639,2019-10-12T21:10:25.335400Z,121.9993535,0.029784998,FL330,4,2019-10-12T21:10:03Z,Top Fuel ,Q4,Heat 3,Saturday
1509.061582,0.368423238,-556.3790352,-933,1047.482805,-0.135834725,-0.227783203,0.255733107,2019-10-12T21:10:26.166200Z,85.71552981,0.020926643,FL660,5,2019-10-12T21:10:03Z,Top Fuel ,Q4,Heat 3,Saturday
1180.780383,0.288276461,256.0442207,1151,-62.31107334,0.062510796,0.281005859,-0.015212664,2019-10-12T21:10:26.907700Z,166.5482333,0.04066119,FL1K,6,2019-10-12T21:10:03Z,Top Fuel ,Q4,Heat 3,Saturday
1604.476475,0.391717889,-1199.083471,1066,-13.69625958,-0.292744988,0.260253906,-0.003343813,2019-10-12T21:13:19.771600Z,113.5415098,0.027720095,FL,0,2019-10-12T21:12:58Z,Top Fuel ,Q4,Heat 4,Saturday
4641.891425,1.133274274,3090,3384,-740,0.754394531,0.826171875,-0.180664063,2019-10-12T21:13:18.877400Z,110.3484392,0.026940537,NL,1,2019-10-12T21:12:58Z,Top Fuel ,Q4,Heat 4,Saturday
2510.347649,0.612877844,-2342.899817,672,-600.9007957,-0.571997026,0.1640625,-0.146704296,2019-10-12T21:13:19.173500Z,87.57923975,0.02138165,FL0,2,2019-10-12T21:12:58Z,Top Fuel ,Q4,Heat 4,Saturday
1955.507625,0.477418854,1629.732704,447,983.9575109,0.397883961,0.109130859,0.240224002,2019-10-12T21:13:20.344900Z,189.0282336,0.046149471,FL60,3,2019-10-12T21:12:58Z,Top Fuel ,Q4,Heat 4,Saturday
2304.722313,0.562676346,1873.721752,-773,-1096.98803,0.4574516,-0.188720703,-0.267819343,2019-10-12T21:13:21.150400Z,122.0183591,0.029789638,FL330,4,2019-10-12T21:12:58Z,Top Fuel ,Q4,Heat 4,Saturday
1777.07064,0.433855137,498.1394457,-1698,-163.1966623,0.121616076,-0.414550781,-0.039842935,2019-10-12T21:13:22.226200Z,87.03745052,0.021249378,FL660,5,2019-10-12T21:12:58Z,Top Fuel ,Q4,Heat 4,Saturday
1611.397472,0.393407586,-1397.638243,-532,-600.1542739,-0.341220274,-0.129882813,-0.14652204,2019-10-12T21:13:22.757700Z,167.3705775,0.040861957,FL1K,6,2019-10-12T21:12:58Z,Top Fuel ,Q4,Heat 4,Saturday
1814.498437,0.442992782,511.7999972,-575,-1643.119089,0.124951171,-0.140380859,-0.401152121,2019-10-12T21:15:52.236600Z,114.4081689,0.027931682,FL,0,2019-10-12T21:15:33Z,Top Fuel ,Q4,Heat 5,Saturday
4765.517286,1.163456369,443,-3975,2591,0.108154297,-0.970458984,0.632568359,2019-10-12T21:15:51.907400Z,106.9488971,0.026110571,NL,1,2019-10-12T21:15:33Z,Top Fuel ,Q4,Heat 5,Saturday
2314.469944,0.565056139,1397.280338,1562,-982.1073144,0.341132895,0.381347656,-0.239772294,2019-10-12T21:15:52.108500Z,84.63334828,0.020662439,FL0,2,2019-10-12T21:15:33Z,Top Fuel ,Q4,Heat 5,Saturday
2243.872904,0.547820533,-2137.024397,676,-105.4340344,-0.521734472,0.165039063,-0.025740731,2019-10-12T21:15:52.769900Z,188.6409894,0.046054929,FL60,3,2019-10-12T21:15:33Z,Top Fuel ,Q4,Heat 5,Saturday
1418.785545,0.34638319,-1255.917393,-50,-658.1215115,-0.306620457,-0.012207031,-0.160674197,2019-10-12T21:15:53.860400Z,121.2413303,0.029599934,FL330,4,2019-10-12T21:15:33Z,Top Fuel ,Q4,Heat 5,Saturday
1461.917321,0.356913408,1246.639174,607,-463.296906,0.304355267,0.148193359,-0.113109596,2019-10-12T21:15:54.811200Z,86.69648245,0.021166133,FL660,5,2019-10-12T21:15:33Z,Top Fuel ,Q4,Heat 5,Saturday
1090.934609,0.266341457,614.9652078,867,245.4936132,0.15013799,0.211669922,0.059934964,2019-10-12T21:15:55.457700Z,166.8912027,0.040744923,FL1K,6,2019-10-12T21:15:33Z,Top Fuel ,Q4,Heat 5,Saturday
2214.178621,0.540570952,1612.335355,-44,-1516.913204,0.393636561,-0.010742188,-0.370340138,2019-10-12T21:18:44.941600Z,115.3610308,0.028164314,FL,0,2019-10-12T21:18:25Z,Top Fuel ,Q4,Heat 6,Saturday
3700.828286,0.903522531,-1304,2817,-2015,-0.318359375,0.687744141,-0.491943359,2019-10-12T21:18:43.922400Z,109.8472846,0.026818185,NL,1,2019-10-12T21:18:25Z,Top Fuel ,Q4,Heat 6,Saturday
2465.566712,0.601944998,2421.0438,-200,421.3859606,0.591075147,-0.048828125,0.102877432,2019-10-12T21:18:44.328500Z,85.48183045,0.020869588,FL0,2,2019-10-12T21:18:25Z,Top Fuel ,Q4,Heat 6,Saturday
1900.040599,0.463877099,1650.15038,642,689.1980861,0.402868745,0.156738281,0.168261251,2019-10-12T21:18:45.354900Z,188.9053938,0.046119481,FL60,3,2019-10-12T21:18:25Z,Top Fuel ,Q4,Heat 6,Saturday
1909.764296,0.466251049,-1770.84125,-259,-666.5132648,-0.43233429,-0.063232422,-0.162722965,2019-10-12T21:18:46.265400Z,122.0473631,0.02979672,FL330,4,2019-10-12T21:18:25Z,Top Fuel ,Q4,Heat 6,Saturday
1235.296814,0.301586136,-1211.171604,-187,-155.0888939,-0.295696192,-0.045654297,-0.037863499,2019-10-12T21:18:46.956200Z,86.82566532,0.021197672,FL660,5,2019-10-12T21:18:25Z,Top Fuel ,Q4,Heat 6,Saturday
2305.885361,0.562960293,-1898.14585,1063,764.3171021,-0.463414514,0.259521484,0.186600855,2019-10-12T21:18:47.847700Z,168.558033,0.041151864,FL1K,6,2019-10-12T21:18:25Z,Top Fuel ,Q4,Heat 6,Saturday
1813.648162,0.442785196,1792.904374,262,78.54655105,0.437720794,0.063964844,0.019176404,2019-10-12T21:21:28.281600Z,109.838448,0.026816027,FL,0,2019-10-12T21:21:08Z,Top Fuel ,Q4,Heat 7,Saturday
3191.995301,0.779295728,-373,-2413,2056,-0.091064453,-0.589111328,0.501953125,2019-10-12T21:21:27.957400Z,101.2118132,0.024709915,NL,1,2019-10-12T21:21:08Z,Top Fuel ,Q4,Heat 7,Saturday
2240.444858,0.546983608,-1973.973697,644,-841.5966993,-0.481927172,0.157226563,-0.205467944,2019-10-12T21:21:27.868500Z,80.86513204,0.019742464,FL0,2,2019-10-12T21:21:08Z,Top Fuel ,Q4,Heat 7,Saturday
1070.322501,0.261309204,4.382966029,929,-531.5355536,0.00107006,0.226806641,-0.129769422,2019-10-12T21:21:29.124900Z,183.4145264,0.044778937,FL60,3,2019-10-12T21:21:08Z,Top Fuel ,Q4,Heat 7,Saturday
845.0204161,0.206303813,731.2212681,-111,-408.7223515,0.178520817,-0.027099609,-0.09978573,2019-10-12T21:21:29.970400Z,118.4275977,0.028912988,FL330,4,2019-10-12T21:21:08Z,Top Fuel ,Q4,Heat 7,Saturday
1150.794874,0.28095578,778.4957005,34,846.8277781,0.190062427,0.008300781,0.206745063,2019-10-12T21:21:30.696200Z,83.78521909,0.020455376,FL660,5,2019-10-12T21:21:08Z,Top Fuel ,Q4,Heat 7,Saturday
1104.918537,0.269755502,834.3422478,192,-698.4654507,0.203696838,0.046875,-0.170523792,2019-10-12T21:21:31.437700Z,167.1753871,0.040814303,FL1K,6,2019-10-12T21:21:08Z,Top Fuel ,Q4,Heat 7,Saturday
1888.096492,0.460961058,-1859.17953,253,210.596391,-0.453901252,0.061767578,0.051415135,2019-10-12T21:33:28.811600Z,116.3806136,0.028413236,FL,0,2019-10-12T21:33:08Z,Funny Car,Q4,Heat 4,Saturday
3046.755652,0.743836829,-4,1652,-2560,-0.000976563,0.403320313,-0.625,2019-10-12T21:33:28.022400Z,98.94792937,0.024157209,NL,1,2019-10-12T21:33:08Z,Funny Car,Q4,Heat 4,Saturday
2505.782646,0.611763341,2355.828569,-853,37.54227683,0.575153459,-0.208251953,0.009165595,2019-10-12T21:33:28.108500Z,88.6381315,0.021640169,FL0,2,2019-10-12T21:33:08Z,Funny Car,Q4,Heat 4,Saturday
1939.866778,0.473600288,1574.308276,-1025,483.7474223,0.384352606,-0.250244141,0.118102398,2019-10-12T21:33:29.079900Z,189.2388967,0.046200903,FL60,3,2019-10-12T21:33:08Z,Funny Car,Q4,Heat 4,Saturday
2325.980529,0.56786634,2316.64474,151,143.3233127,0.565587095,0.036865234,0.034991043,2019-10-12T21:33:30.565400Z,122.4547715,0.029896184,FL330,4,2019-10-12T21:33:08Z,Funny Car,Q4,Heat 4,Saturday
688.6035698,0.168116106,-688.3467727,17,-8.037216345,-0.168053411,0.004150391,-0.001962211,2019-10-12T21:33:31.246200Z,83.99157601,0.020505756,FL660,5,2019-10-12T21:33:08Z,Funny Car,Q4,Heat 4,Saturday
1173.16448,0.286417109,903.3333243,676,321.4464236,0.220540362,0.165039063,0.078478131,2019-10-12T21:33:32.067700Z,166.2920613,0.040598648,FL1K,6,2019-10-12T21:33:08Z,Funny Car,Q4,Heat 4,Saturday
1871.61596,0.45693749,-1327.735264,960,904.6907592,-0.324154117,0.234375,0.220871767,2019-10-12T21:36:16.986600Z,117.4621893,0.028677292,FL,0,2019-10-12T21:35:57Z,Funny Car,Q4,Heat 5,Saturday
2180.007798,0.532228466,137,1948,-969,0.033447266,0.475585938,-0.236572266,2019-10-12T21:36:16.207400Z,99.63996508,0.024326163,NL,1,2019-10-12T21:35:57Z,Funny Car,Q4,Heat 5,Saturday
2624.673765,0.640789493,-2613.700667,-120,-207.560104,-0.638110514,-0.029296875,-0.050673854,2019-10-12T21:36:16.348500Z,88.22809127,0.021540061,FL0,2,2019-10-12T21:35:57Z,Funny Car,Q4,Heat 5,Saturday
2109.164275,0.514932684,2105.642379,-103,-65.07775149,0.514072846,-0.025146484,-0.015888123,2019-10-12T21:36:16.829900Z,188.7032719,0.046070135,FL60,3,2019-10-12T21:35:57Z,Funny Car,Q4,Heat 5,Saturday
2447.008419,0.597414165,2390.117132,279,-444.2401372,0.58352469,0.068115234,-0.108457065,2019-10-12T21:36:18.195400Z,122.9585904,0.030019187,FL330,4,2019-10-12T21:35:57Z,Funny Car,Q4,Heat 5,Saturday
712.15705,0.173866467,-424.4280103,482,307.7410078,-0.10362012,0.117675781,0.075132082,2019-10-12T21:36:19.101200Z,84.11181692,0.020535112,FL660,5,2019-10-12T21:35:57Z,Funny Car,Q4,Heat 5,Saturday
1624.500667,0.396606608,-1452.261294,198,-700.5251976,-0.35455598,0.048339844,-0.17102666,2019-10-12T21:36:19.772700Z,168.3494692,0.041100945,FL1K,6,2019-10-12T21:35:57Z,Funny Car,Q4,Heat 5,Saturday
2216.333979,0.541097163,2064.962598,-784,182.7834101,0.504141259,-0.19140625,0.044624856,2019-10-12T21:44:48.896600Z,116.9481721,0.0285518,FL,0,2019-10-12T21:44:29Z,Funny Car,Q4,Heat 6,Saturday
4496.582702,1.097798511,-170,-3134,3220,-0.041503906,-0.765136719,0.786132813,2019-10-12T21:44:48.557400Z,101.8937845,0.024876412,NL,1,2019-10-12T21:44:29Z,Funny Car,Q4,Heat 6,Saturday
1960.189426,0.478561871,1599.154868,-1048,432.1368916,0.390418669,-0.255859375,0.105502171,2019-10-12T21:44:48.628500Z,86.37176384,0.021086856,FL0,2,2019-10-12T21:44:29Z,Funny Car,Q4,Heat 6,Saturday
2543.367179,0.620939253,-1180.396422,2037,-962.295118,-0.28818272,0.497314453,-0.234935332,2019-10-12T21:44:49.299900Z,189.144597,0.04617788,FL60,3,2019-10-12T21:44:29Z,Funny Car,Q4,Heat 6,Saturday
2208.208681,0.539113447,2156.237293,-372,-297.3925265,0.52642512,-0.090820313,-0.072605597,2019-10-12T21:44:50.650400Z,121.6190076,0.029692141,FL330,4,2019-10-12T21:44:29Z,Funny Car,Q4,Heat 6,Saturday
1688.263584,0.412173727,-1265.546085,-1077,297.8221523,-0.308971212,-0.262939453,0.072710486,2019-10-12T21:44:51.526200Z,85.9696509,0.020988684,FL660,5,2019-10-12T21:44:29Z,Funny Car,Q4,Heat 6,Saturday
2622.361223,0.640224908,-2274.724284,652,1130.178664,-0.555352608,0.159179688,0.275922525,2019-10-12T21:44:52.282700Z,168.8866146,0.041232084,FL1K,6,2019-10-12T21:44:29Z,Funny Car,Q4,Heat 6,Saturday
1488.903852,0.363501917,-1277.796781,13,764.1341942,-0.311962105,0.003173828,0.1865562,2019-10-12T21:47:59.061600Z,116.5654538,0.028458363,FL,0,2019-10-12T21:47:39Z,Funny Car,Q4,Heat 7,Saturday
2502.530319,0.610969316,-841,2244,-721,-0.205322266,0.547851563,-0.176025391,2019-10-12T21:47:58.492400Z,100.3742709,0.024505437,NL,1,2019-10-12T21:47:39Z,Funny Car,Q4,Heat 7,Saturday
1931.447831,0.471544881,1811.791496,-662,98.27664499,0.442331908,-0.161621094,0.023993322,2019-10-12T21:47:58.883500Z,86.66970781,0.021159597,FL0,2,2019-10-12T21:47:39Z,Funny Car,Q4,Heat 7,Saturday
2427.658411,0.592690042,-2326.033846,668,-192.0101758,-0.567879357,0.163085938,-0.046877484,2019-10-12T21:47:59.589900Z,190.5432926,0.046519359,FL60,3,2019-10-12T21:47:39Z,Funny Car,Q4,Heat 7,Saturday
1858.43546,0.453719595,1855.30761,56,-92.08708001,0.45295596,0.013671875,-0.022482197,2019-10-12T21:48:00.840400Z,122.8324864,0.0299884,FL330,4,2019-10-12T21:47:39Z,Funny Car,Q4,Heat 7,Saturday
1572.271405,0.383855323,-1467.562472,355,-438.489181,-0.358291619,0.086669922,-0.107053023,2019-10-12T21:48:01.741200Z,86.31322217,0.021072564,FL660,5,2019-10-12T21:47:39Z,Funny Car,Q4,Heat 7,Saturday
2220.745587,0.542174216,-1183.643616,-410,-1833.739009,-0.288975492,-0.100097656,-0.447690188,2019-10-12T21:48:02.467700Z,168.0904971,0.041037719,FL1K,6,2019-10-12T21:47:39Z,Funny Car,Q4,Heat 7,Saturday
1841.529981,0.449592281,1437.18962,-657,-945.5525722,0.350876372,-0.160400391,-0.230847796,2019-10-12T21:50:35.436600Z,116.5606071,0.028457179,FL,0,2019-10-12T21:50:18Z,Funny Car,Q4,Heat 8,Saturday
2807.441184,0.685410445,91,1934,-2033,0.022216797,0.472167969,-0.496337891,2019-10-12T21:50:34.717400Z,98.44005053,0.024033215,NL,1,2019-10-12T21:50:18Z,Funny Car,Q4,Heat 8,Saturday
1519.371094,0.370940208,-1168.280861,960,-148.3521143,-0.28522482,0.234375,-0.036218778,2019-10-12T21:50:34.988500Z,84.59398367,0.020652828,FL0,2,2019-10-12T21:50:18Z,Funny Car,Q4,Heat 8,Saturday
1881.157952,0.459267078,1836.70711,294,280.7601023,0.448414822,0.071777344,0.068544947,2019-10-12T21:50:35.879900Z,189.1944749,0.046190057,FL60,3,2019-10-12T21:50:18Z,Funny Car,Q4,Heat 8,Saturday
1896.083519,0.462911015,-1797.681294,-431,-421.561,-0.438887035,-0.105224609,-0.102920166,2019-10-12T21:50:37.175400Z,121.2953279,0.029613117,FL330,4,2019-10-12T21:50:18Z,Funny Car,Q4,Heat 8,Saturday
1887.398996,0.460790771,-1797.629437,210,-535.446896,-0.438874374,0.051269531,-0.13072434,2019-10-12T21:50:37.951200Z,87.31690374,0.021317603,FL660,5,2019-10-12T21:50:18Z,Funny Car,Q4,Heat 8,Saturday
1931.339064,0.471518326,-1814.333478,462,474.1525172,-0.442952509,0.112792969,0.115759892,2019-10-12T21:50:38.717700Z,168.1559157,0.04105369,FL1K,6,2019-10-12T21:50:18Z,Funny Car,Q4,Heat 8,Saturday